deep_temp_c,surface_temp_c,intake_depth_m,pipe_diameter_m,pipe_length_m,vertical_lift_height_m,number_of_pipes,it_load_mw,delta_t_c,hx_pressure_drop_kpa,pipe_roughness_mm,turbine_efficiency,pump_efficiency,required_mass_flow_kg_s,required_volumetric_flow_m3_s,actual_mass_flow_kg_s,actual_volumetric_flow_m3_s,velocity_ms,rho_cold_kgm3,rho_hot_kgm3,buoyancy_pressure_pa,buoyancy_head_m,friction_losses_pa,heat_exchanger_losses_pa,total_losses_pa,net_head_m,turbine_generation_mw,pump_assist_power_mw,pump_energy_mw,aux_energy_mw,hydra_total_power_mw,hydra_net_energy_mw,baseline_cooling_energy_mw,baseline_cooling_fraction,energy_savings_fraction,gravity_assist_fraction,pump_offset_fraction,positive_retrofit_benefit,required_velocity_ms,velocity_margin_ms,natural_velocity_ms,natural_velocity_margin_ms,required_flow_capacity_ratio,actual_cooling_capacity_ratio,natural_cooling_capacity_ratio,pressure_balance_ratio,pump_fraction_of_baseline,pump_fraction_of_hydra_total,classification,failure_mode,constraint_flags,issue_count,cooling_works,passive_natural_feasible,requires_pump_assist,circulation_regime,success_layer,turbine_recovery_active,meets_10pct_target,scenario_family
5.0,24.0,30.0,1.0,50.0,250.0,2,200.0,40.0,40.0,0.045,0.85,0.82,1252.1913348359628,1.2255118116898562,1252.1913348359628,1.2255118116898562,0.7801850505917786,1027.6754652782759,1015.8647485191225,28965.78285182363,2.8897686180606548,3442.893758384046,40000.0,43442.893758384045,-1.4443076160576838,0.0,0.025963712802634875,0.025963712802634875,1.6,1.6259637128026347,1.6259637128026347,8.512,0.04256,0.8089798269733747,0.6667553734546867,0.6667553734546867,True,0.7801850505917786,0.28018505059177856,0.0,-0.5,3.845241584319603,1.0,0.0,0.6667553734546867,0.0030502482145952628,0.0159681994119548,PASS,NONE,INSUFFICIENT_NATURAL_CIRCULATION,1,True,False,True,RETROFIT_ASSIST,HYBRID_RETROFIT_ASSIST,False,True,stage_2_candidates
5.0,24.0,100.0,1.0,125.0,250.0,2,200.0,40.0,40.0,0.045,0.85,0.82,1252.1913348359628,1.2255118116898562,1252.1913348359628,1.2255118116898562,0.7801850505917786,1027.6754652782759,1015.8647485191225,28965.78285182363,2.8897686180606548,4070.3897236598436,40000.0,44070.38972365984,-1.5069096923657823,0.0,0.0270890840961469,0.0270890840961469,1.6,1.627089084096147,1.627089084096147,8.512,0.04256,0.8088476169999828,0.6572617812878773,0.6572617812878773,True,0.7801850505917786,0.28018505059177856,0.0,-0.5,3.845241584319603,1.0,0.0,0.6572617812878773,0.0031824581879871827,0.016648802060641302,PASS,NONE,INSUFFICIENT_NATURAL_CIRCULATION,1,True,False,True,RETROFIT_ASSIST,HYBRID_RETROFIT_ASSIST,False,True,stage_2_candidates
5.0,24.0,300.0,1.0,375.0,250.0,2,200.0,40.0,40.0,0.045,0.85,0.82,1252.1913348359628,1.2255118116898562,1252.1913348359628,1.2255118116898562,0.7801850505917786,1027.6754652782759,1015.8647485191225,28965.78285182363,2.8897686180606548,6162.042941245836,40000.0,46162.04294124583,-1.7155832800594442,0.0,0.030840321741186984,0.030840321741186984,1.6,1.630840321741187,1.630840321741187,8.512,0.04256,0.8084069170886763,0.6274805230931986,0.6274805230931986,True,0.7801850505917786,0.28018505059177856,0.0,-0.5,3.845241584319603,1.0,0.0,0.6274805230931986,0.003623158099293584,0.018910693665128375,PASS,NONE,INSUFFICIENT_NATURAL_CIRCULATION,1,True,False,True,RETROFIT_ASSIST,HYBRID_RETROFIT_ASSIST,False,True,stage_2_candidates
5.0,24.0,600.0,1.0,750.0,250.0,2,200.0,40.0,40.0,0.045,0.85,0.82,1252.1913348359628,1.2255118116898562,1252.1913348359628,1.2255118116898562,0.7801850505917786,1027.6754652782759,1015.8647485191225,28965.78285182363,2.8897686180606548,9299.522767624821,40000.0,49299.52276762482,-2.028593661599938,0.0,0.036467178208747106,0.036467178208747106,1.6,1.6364671782087472,1.6364671782087472,8.512,0.04256,0.8077458672217167,0.5875469218709267,0.5875469218709267,True,0.7801850505917786,0.28018505059177856,0.0,-0.5,3.845241584319603,1.0,0.0,0.5875469218709267,0.004284207966253184,0.022284087755834823,PASS,NONE,INSUFFICIENT_NATURAL_CIRCULATION,1,True,False,True,RETROFIT_ASSIST,HYBRID_RETROFIT_ASSIST,False,True,stage_2_candidates
5.0,24.0,30.0,1.0,50.0,175.0,2,200.0,40.0,40.0,0.045,0.85,0.82,1252.1913348359628,1.2255118116898562,1252.1913348359628,1.2255118116898562,0.7801850505917786,1027.6754652782759,1015.8647485191225,20276.047996276542,2.0228380326424586,2815.3977931082486,40000.0,42815.39779310825,-2.2486361251677813,0.0,0.04042278937145359,0.04042278937145359,1.6,1.6404227893714536,1.6404227893714536,8.512,0.04256,0.8072811572636921,0.4735690672373074,0.4735690672373074,True,0.7801850505917786,0.28018505059177856,0.0,-0.5,3.845241584319603,1.0,0.0,0.4735690672373074,0.004748917924277912,0.0246416897115542,PASS,NONE,INSUFFICIENT_NATURAL_CIRCULATION,1,True,False,True,RETROFIT_ASSIST,HYBRID_RETROFIT_ASSIST,False,True,stage_2_candidates
5.0,24.0,100.0,1.0,125.0,175.0,2,200.0,40.0,40.0,0.045,0.85,0.82,1252.1913348359628,1.2255118116898562,1252.1913348359628,1.2255118116898562,0.7801850505917786,1027.6754652782759,1015.8647485191225,20276.047996276542,2.0228380326424586,3442.893758384046,40000.0,43442.893758384045,-2.31123820147588,0.0,0.04154816066496561,0.04154816066496561,1.6,1.6415481606649656,1.6415481606649656,8.512,0.04256,0.8071489472903001,0.4667287614182807,0.4667287614182807,True,0.7801850505917786,0.28018505059177856,0.0,-0.5,3.845241584319603,1.0,0.0,0.4667287614182807,0.0048811278976698316,0.025310351325991614,PASS,NONE,INSUFFICIENT_NATURAL_CIRCULATION,1,True,False,True,RETROFIT_ASSIST,HYBRID_RETROFIT_ASSIST,False,True,stage_2_candidates
5.0,24.0,30.0,1.0,50.0,250.0,1,200.0,40.0,40.0,0.045,0.85,0.82,1252.1913348359628,1.2255118116898562,1252.1913348359628,1.2255118116898562,1.5603701011835571,1027.6754652782759,1015.8647485191225,28965.78285182363,2.8897686180606548,12957.528784952552,40000.0,52957.52878495255,-2.3935342899139136,0.0,0.043027562962114484,0.043027562962114484,1.6,1.6430275629621145,1.6430275629621145,8.512,0.04256,0.806975145328699,0.5469625097018127,0.5469625097018127,True,1.5603701011835571,1.0603701011835571,0.0,-0.5,1.9226207921598015,1.0,0.0,0.5469625097018127,0.005054929859270968,0.02618797391599609,PASS,NONE,INSUFFICIENT_NATURAL_CIRCULATION,1,True,False,True,RETROFIT_ASSIST,HYBRID_RETROFIT_ASSIST,False,True,stage_2_candidates
5.0,24.0,1000.0,1.0,1250.0,250.0,2,200.0,40.0,40.0,0.045,0.85,0.82,1252.1913348359628,1.2255118116898562,1252.1913348359628,1.2255118116898562,0.7801850505917786,1027.6754652782759,1015.8647485191225,28965.78285182363,2.8897686180606548,13482.829202796805,40000.0,53482.829202796805,-2.4459408369872624,0.0,0.04396965349882729,0.04396965349882729,1.6,1.6439696534988273,1.6439696534988273,8.512,0.04256,0.8068644673991039,0.5415903250366738,0.5415903250366738,True,0.7801850505917786,0.28018505059177856,0.0,-0.5,3.845241584319603,1.0,0.0,0.5415903250366738,0.005165607788865988,0.02674602502865401,PASS,NONE,INSUFFICIENT_NATURAL_CIRCULATION,1,True,False,True,RETROFIT_ASSIST,HYBRID_RETROFIT_ASSIST,False,True,stage_2_candidates
5.0,24.0,300.0,1.0,375.0,175.0,2,200.0,40.0,40.0,0.045,0.85,0.82,1252.1913348359628,1.2255118116898562,1252.1913348359628,1.2255118116898562,0.7801850505917786,1027.6754652782759,1015.8647485191225,20276.047996276542,2.0228380326424586,5534.546975970037,40000.0,45534.546975970035,-2.5199117891695417,0.0,0.04529939831000569,0.04529939831000569,1.6,1.6452993983100057,1.6452993983100057,8.512,0.04256,0.8067082473789937,0.4452893317897031,0.4452893317897031,True,0.7801850505917786,0.28018505059177856,0.0,-0.5,3.845241584319603,1.0,0.0,0.4452893317897031,0.005321827808976233,0.02753261707658537,PASS,NONE,INSUFFICIENT_NATURAL_CIRCULATION,1,True,False,True,RETROFIT_ASSIST,HYBRID_RETROFIT_ASSIST,False,True,stage_2_candidates
5.0,24.0,100.0,1.0,125.0,250.0,1,200.0,40.0,40.0,0.045,0.85,0.82,1252.1913348359628,1.2255118116898562,1252.1913348359628,1.2255118116898562,1.5603701011835571,1027.6754652782759,1015.8647485191225,28965.78285182363,2.8897686180606548,15264.001083909834,40000.0,55264.00108390983,-2.623639283176105,0.0,0.04716406400461341,0.04716406400461341,1.6,1.6471640640046132,1.6471640640046132,8.512,0.04256,0.8064891842099844,0.5241347402234516,0.5241347402234516,True,1.5603701011835571,1.0603701011835571,0.0,-0.5,1.9226207921598015,1.0,0.0,0.5241347402234516,0.0055408909779855985,0.028633495008352317,PASS,NONE,INSUFFICIENT_NATURAL_CIRCULATION,1,True,False,True,RETROFIT_ASSIST,HYBRID_RETROFIT_ASSIST,False,True,stage_2_candidates
5.0,24.0,600.0,1.0,750.0,175.0,2,200.0,40.0,40.0,0.045,0.85,0.82,1252.1913348359628,1.2255118116898562,1252.1913348359628,1.2255118116898562,0.7801850505917786,1027.6754652782759,1015.8647485191225,20276.047996276542,2.0228380326424586,8672.026802349024,40000.0,48672.02680234902,-2.8329221707100345,0.0,0.050926254777565814,0.050926254777565814,1.6,1.6509262547775658,1.6509262547775658,8.512,0.04256,0.8060471975120341,0.4165852406067868,0.4165852406067868,True,0.7801850505917786,0.28018505059177856,0.0,-0.5,3.845241584319603,1.0,0.0,0.4165852406067868,0.0059828776759358335,0.030847080316393213,PASS,NONE,INSUFFICIENT_NATURAL_CIRCULATION,1,True,False,True,RETROFIT_ASSIST,HYBRID_RETROFIT_ASSIST,False,True,stage_2_candidates
5.0,24.0,30.0,1.0,50.0,250.0,4,200.0,30.0,40.0,0.045,0.85,0.82,1669.5884464479507,1.63076863403966,1669.5884464479507,1.63076863403966,0.51908977829326,1027.6754652782759,1019.9337560398063,18986.54190734651,1.8904264441351875,1594.1207134936844,40000.0,41594.120713493685,-2.2509609712800898,0.0,0.053952776207772585,0.053952776207772585,1.6,1.6539527762077726,1.6539527762077726,8.512,0.04256,0.8056916381334853,0.4564717700880986,0.4564717700880986,True,0.51908977829326,0.019089778293259974,0.0,-0.5,5.779347090716836,1.0,0.0,0.4564717700880986,0.0063384370544845615,0.03262050584749884,PASS,NONE,INSUFFICIENT_NATURAL_CIRCULATION,1,True,False,True,RETROFIT_ASSIST,HYBRID_RETROFIT_ASSIST,False,True,stage_2_candidates
5.0,24.0,30.0,1.0,50.0,175.0,1,200.0,40.0,40.0,0.045,0.85,0.82,1252.1913348359628,1.2255118116898562,1252.1913348359628,1.2255118116898562,1.5603701011835571,1027.6754652782759,1015.8647485191225,20276.047996276542,2.0228380326424586,10651.056485995272,40000.0,50651.05648599527,-3.030359882069919,0.0,0.0544755097819463,0.0544755097819463,1.6,1.6544755097819461,1.6544755097819461,8.512,0.04256,0.805630226764339,0.400308491134489,0.400308491134489,True,1.5603701011835571,1.0603701011835571,0.0,-0.5,1.9226207921598015,1.0,0.0,0.400308491134489,0.006399848423630909,0.032926150589636695,PASS,NONE,INSUFFICIENT_NATURAL_CIRCULATION,1,True,False,True,RETROFIT_ASSIST,HYBRID_RETROFIT_ASSIST,False,True,stage_2_candidates
5.0,24.0,100.0,1.0,125.0,250.0,4,200.0,30.0,40.0,0.045,0.85,0.82,1669.5884464479507,1.63076863403966,1669.5884464479507,1.63076863403966,0.51908977829326,1027.6754652782759,1019.9337560398063,18986.54190734651,1.8904264441351875,1889.200223041851,40000.0,41889.20022304185,-2.2803410506381145,0.0,0.05465698070833691,0.05465698070833691,1.6,1.6546569807083369,1.6546569807083369,8.512,0.04256,0.8056089073415958,0.4532562523574429,0.4532562523574429,True,0.51908977829326,0.019089778293259974,0.0,-0.5,5.779347090716836,1.0,0.0,0.4532562523574429,0.006421167846374167,0.03303221232290633,PASS,NONE,INSUFFICIENT_NATURAL_CIRCULATION,1,True,False,True,RETROFIT_ASSIST,HYBRID_RETROFIT_ASSIST,False,True,stage_2_candidates
5.0,24.0,300.0,1.0,375.0,250.0,4,200.0,30.0,40.0,0.045,0.85,0.82,1669.5884464479507,1.63076863403966,1669.5884464479507,1.63076863403966,0.51908977829326,1027.6754652782759,1019.9337560398063,18986.54190734651,1.8904264441351875,2872.798588202406,40000.0,42872.79858820241,-2.3782746484981954,0.0,0.057004329043551336,0.057004329043551336,1.6,1.6570043290435514,1.6570043290435514,8.512,0.04256,0.805333138035297,0.4428575351405019,0.4428575351405019,True,0.51908977829326,0.019089778293259974,0.0,-0.5,5.779347090716836,1.0,0.0,0.4428575351405019,0.006696937152672854,0.034402039900798036,PASS,NONE,INSUFFICIENT_NATURAL_CIRCULATION,1,True,False,True,RETROFIT_ASSIST,HYBRID_RETROFIT_ASSIST,False,True,stage_2_candidates
5.0,24.0,1000.0,1.0,1250.0,175.0,2,200.0,40.0,40.0,0.045,0.85,0.82,1252.1913348359628,1.2255118116898562,1252.1913348359628,1.2255118116898562,0.7801850505917786,1027.6754652782759,1015.8647485191225,20276.047996276542,2.0228380326424586,12855.333237521008,40000.0,52855.33323752101,-3.25026934609736,0.0,0.058428730067646005,0.058428730067646005,1.6,1.658428730067646,1.658428730067646,8.512,0.04256,0.8051657976894213,0.3836140414659794,0.3836140414659794,True,0.7801850505917786,0.28018505059177856,0.0,-0.5,3.845241584319603,1.0,0.0,0.3836140414659794,0.006864277498548638,0.03523137835730978,PASS,NONE,INSUFFICIENT_NATURAL_CIRCULATION,1,True,False,True,RETROFIT_ASSIST,HYBRID_RETROFIT_ASSIST,False,True,stage_2_candidates
5.0,24.0,100.0,1.0,125.0,175.0,1,200.0,40.0,40.0,0.045,0.85,0.82,1252.1913348359628,1.2255118116898562,1252.1913348359628,1.2255118116898562,1.5603701011835571,1027.6754652782759,1015.8647485191225,20276.047996276542,2.0228380326424586,12957.528784952552,40000.0,52957.52878495255,-3.2604648753321097,0.0,0.05861201082444522,0.05861201082444522,1.6,1.658612010824445,1.658612010824445,8.512,0.04256,0.8051442656456244,0.38287375679126884,0.38287375679126884,True,1.5603701011835571,1.0603701011835571,0.0,-0.5,1.9226207921598015,1.0,0.0,0.38287375679126884,0.006885809542345538,0.03533798769207694,PASS,NONE,INSUFFICIENT_NATURAL_CIRCULATION,1,True,False,True,RETROFIT_ASSIST,HYBRID_RETROFIT_ASSIST,False,True,stage_2_candidates
5.0,24.0,600.0,1.0,750.0,250.0,4,200.0,30.0,40.0,0.045,0.85,0.82,1669.5884464479507,1.63076863403966,1669.5884464479507,1.63076863403966,0.51908977829326,1027.6754652782759,1019.9337560398063,18986.54190734651,1.8904264441351875,4348.196135943239,40000.0,44348.19613594324,-2.5251750452883175,0.0,0.060525351546372966,0.060525351546372966,1.6,1.660525351546373,1.660525351546373,8.512,0.04256,0.804919484075849,0.4281243333809091,0.4281243333809091,True,0.51908977829326,0.019089778293259974,0.0,-0.5,5.779347090716836,1.0,0.0,0.4281243333809091,0.007110591112120884,0.03644951971977327,PASS,NONE,INSUFFICIENT_NATURAL_CIRCULATION,1,True,False,True,RETROFIT_ASSIST,HYBRID_RETROFIT_ASSIST,False,True,stage_2_candidates
5.0,24.0,300.0,1.0,375.0,250.0,1,200.0,40.0,40.0,0.045,0.85,0.82,1252.1913348359628,1.2255118116898562,1252.1913348359628,1.2255118116898562,1.5603701011835571,1027.6754652782759,1015.8647485191225,28965.78285182363,2.8897686180606548,22952.24208043411,40000.0,62952.24208043411,-3.3906559273834085,0.0,0.0609524008129432,0.0609524008129432,1.6,1.6609524008129433,1.6609524008129433,8.512,0.04256,0.8048693138142688,0.46012313294281143,0.46012313294281143,True,1.5603701011835571,1.0603701011835571,0.0,-0.5,1.9226207921598015,1.0,0.0,0.46012313294281143,0.007160761373701034,0.03669725922495456,PASS,NONE,INSUFFICIENT_NATURAL_CIRCULATION,1,True,False,True,RETROFIT_ASSIST,HYBRID_RETROFIT_ASSIST,False,True,stage_2_candidates
5.0,24.0,30.0,1.0,50.0,250.0,2,200.0,30.0,40.0,0.045,0.85,0.82,1669.5884464479507,1.63076863403966,1669.5884464479507,1.63076863403966,1.03817955658652,1027.6754652782759,1019.9337560398063,18986.54190734651,1.8904264441351875,5944.56128347749,40000.0,45944.56128347749,-2.684119781202909,0.0,0.06433506209916265,0.06433506209916265,1.6,1.6643350620991628,1.6643350620991628,8.512,0.04256,0.8044719146969969,0.4132489543256216,0.4132489543256216,True,1.03817955658652,0.53817955658652,0.0,-0.5,2.889673545358418,1.0,0.0,0.4132489543256216,0.007558160490973055,0.038655114324166955,PASS,NONE,INSUFFICIENT_NATURAL_CIRCULATION,1,True,False,True,RETROFIT_ASSIST,HYBRID_RETROFIT_ASSIST,False,True,stage_2_candidates
5.0,24.0,1000.0,1.0,1250.0,250.0,4,200.0,30.0,40.0,0.045,0.85,0.82,1669.5884464479507,1.63076863403966,1669.5884464479507,1.63076863403966,0.51908977829326,1027.6754652782759,1019.9337560398063,18986.54190734651,1.8904264441351875,6315.392866264348,40000.0,46315.392866264345,-2.721042241008479,0.0,0.06522004821680179,0.06522004821680179,1.6,1.6652200482168018,1.6652200482168018,8.512,0.04256,0.8043679454632516,0.40994021063731734,0.40994021063731734,True,0.51908977829326,0.019089778293259974,0.0,-0.5,5.779347090716836,1.0,0.0,0.40994021063731734,0.007662129724718255,0.03916602390575502,PASS,NONE,INSUFFICIENT_NATURAL_CIRCULATION,1,True,False,True,RETROFIT_ASSIST,HYBRID_RETROFIT_ASSIST,False,True,stage_2_candidates
5.0,24.0,30.0,1.0,50.0,175.0,4,200.0,30.0,40.0,0.045,0.85,0.82,1669.5884464479507,1.63076863403966,1669.5884464479507,1.63076863403966,0.51908977829326,1027.6754652782759,1019.9337560398063,13290.579335142556,1.3232985108946311,1299.041203945518,40000.0,41299.04120394552,-2.7887088251626224,0.0,0.06684193332196055,0.06684193332196055,1.6,1.6668419333219604,1.6668419333219604,8.512,0.04256,0.8041774044499577,0.321813266063737,0.321813266063737,True,0.51908977829326,0.019089778293259974,0.0,-0.5,5.779347090716836,1.0,0.0,0.321813266063737,0.007852670738012282,0.04010094297828637,PASS,NONE,INSUFFICIENT_NATURAL_CIRCULATION,1,True,False,True,RETROFIT_ASSIST,HYBRID_RETROFIT_ASSIST,False,True,stage_2_candidates
5.0,24.0,100.0,1.0,125.0,250.0,2,200.0,30.0,40.0,0.045,0.85,0.82,1669.5884464479507,1.63076863403966,1669.5884464479507,1.63076863403966,1.03817955658652,1027.6754652782759,1019.9337560398063,18986.54190734651,1.8904264441351875,7016.898929045844,40000.0,47016.89892904584,-2.7908888522700157,0.0,0.06689418590037163,0.06689418590037163,1.6,1.6668941859003714,1.6668941859003714,8.512,0.04256,0.8041712657541856,0.4038237812323498,0.4038237812323498,True,1.03817955658652,0.53817955658652,0.0,-0.5,2.889673545358418,1.0,0.0,0.4038237812323498,0.007858809433784262,0.040131033191071336,PASS,NONE,INSUFFICIENT_NATURAL_CIRCULATION,1,True,False,True,RETROFIT_ASSIST,HYBRID_RETROFIT_ASSIST,False,True,stage_2_candidates
5.0,24.0,100.0,1.0,125.0,175.0,4,200.0,30.0,40.0,0.045,0.85,0.82,1669.5884464479507,1.63076863403966,1669.5884464479507,1.63076863403966,0.51908977829326,1027.6754652782759,1019.9337560398063,13290.579335142556,1.3232985108946311,1594.1207134936844,40000.0,41594.120713493685,-2.8180889045206463,0.0,0.06754613782252487,0.06754613782252487,1.6,1.667546137822525,1.667546137822525,8.512,0.04256,0.8040946736580681,0.319530239061669,0.319530239061669,True,0.51908977829326,0.019089778293259974,0.0,-0.5,5.779347090716836,1.0,0.0,0.319530239061669,0.00793540152990189,0.040506308215691324,PASS,NONE,INSUFFICIENT_NATURAL_CIRCULATION,1,True,False,True,RETROFIT_ASSIST,HYBRID_RETROFIT_ASSIST,False,True,stage_2_candidates
5.0,24.0,300.0,1.0,375.0,175.0,4,200.0,30.0,40.0,0.045,0.85,0.82,1669.5884464479507,1.63076863403966,1669.5884464479507,1.63076863403966,0.51908977829326,1027.6754652782759,1019.9337560398063,13290.579335142556,1.3232985108946311,2577.719078654239,40000.0,42577.71907865424,-2.916022502380728,0.0,0.0698934861577393,0.0698934861577393,1.6,1.6698934861577392,1.6698934861577392,8.512,0.04256,0.8038189043517693,0.312148692385112,0.312148692385112,True,0.51908977829326,0.019089778293259974,0.0,-0.5,5.779347090716836,1.0,0.0,0.312148692385112,0.008211170836200576,0.04185505646743814,PASS,NONE,INSUFFICIENT_NATURAL_CIRCULATION,1,True,False,True,RETROFIT_ASSIST,HYBRID_RETROFIT_ASSIST,False,True,stage_2_candidates
5.0,24.0,300.0,1.0,375.0,175.0,1,200.0,40.0,40.0,0.045,0.85,0.82,1252.1913348359628,1.2255118116898562,1252.1913348359628,1.2255118116898562,1.5603701011835571,1027.6754652782759,1015.8647485191225,20276.047996276542,2.0228380326424586,20645.769781476825,40000.0,60645.769781476825,-4.027481519539414,0.0,0.07240034763277499,0.07240034763277499,1.6,1.6724003476327751,1.6724003476327751,8.512,0.04256,0.8035243952499089,0.33433573469900124,0.33433573469900124,True,1.5603701011835571,1.0603701011835571,0.0,-0.5,1.9226207921598015,1.0,0.0,0.33433573469900124,0.008505679938060973,0.043291277555194956,PASS,NONE,INSUFFICIENT_NATURAL_CIRCULATION,1,True,False,True,RETROFIT_ASSIST,HYBRID_RETROFIT_ASSIST,False,True,stage_2_candidates
5.0,24.0,600.0,1.0,750.0,175.0,4,200.0,30.0,40.0,0.045,0.85,0.82,1669.5884464479507,1.63076863403966,1669.5884464479507,1.63076863403966,0.51908977829326,1027.6754652782759,1019.9337560398063,13290.579335142556,1.3232985108946311,4053.1166263950718,40000.0,44053.11662639507,-3.0629228991708493,0.0,0.07341450866056094,0.07341450866056094,1.6,1.673414508660561,1.673414508660561,8.512,0.04256,0.8034052503923214,0.30169441694346116,0.30169441694346116,True,0.51908977829326,0.019089778293259974,0.0,-0.5,5.779347090716836,1.0,0.0,0.30169441694346116,0.008624824795648607,0.04387108411013096,PASS,NONE,INSUFFICIENT_NATURAL_CIRCULATION,1,True,False,True,RETROFIT_ASSIST,HYBRID_RETROFIT_ASSIST,False,True,stage_2_candidates
5.0,24.0,30.0,1.0,50.0,175.0,2,200.0,30.0,40.0,0.045,0.85,0.82,1669.5884464479507,1.63076863403966,1669.5884464479507,1.63076863403966,1.03817955658652,1027.6754652782759,1019.9337560398063,13290.579335142556,1.3232985108946311,4872.223637909136,40000.0,44872.223637909134,-3.1444786433763587,0.0,0.07536929991270594,0.07536929991270594,1.6,1.6753692999127061,1.6753692999127061,8.512,0.04256,0.8031755991643907,0.29618722357931815,0.29618722357931815,True,1.03817955658652,0.53817955658652,0.0,-0.5,2.889673545358418,1.0,0.0,0.29618722357931815,0.008854476023579175,0.044986678409729135,PASS,NONE,INSUFFICIENT_NATURAL_CIRCULATION,1,True,False,True,RETROFIT_ASSIST,HYBRID_RETROFIT_ASSIST,False,True,stage_2_candidates
5.0,24.0,300.0,1.0,375.0,250.0,2,200.0,30.0,40.0,0.045,0.85,0.82,1669.5884464479507,1.63076863403966,1669.5884464479507,1.63076863403966,1.03817955658652,1027.6754652782759,1019.9337560398063,18986.54190734651,1.8904264441351875,10591.357747607024,40000.0,50591.35774760702,-3.1467857558270382,0.0,0.07542459857106827,0.07542459857106827,1.6,1.6754245985710683,1.6754245985710683,8.512,0.04256,0.8031691026114816,0.3752921991551922,0.3752921991551922,True,1.03817955658652,0.53817955658652,0.0,-0.5,2.889673545358418,1.0,0.0,0.3752921991551922,0.008860972576488284,0.04501819934803166,PASS,NONE,INSUFFICIENT_NATURAL_CIRCULATION,1,True,False,True,RETROFIT_ASSIST,HYBRID_RETROFIT_ASSIST,False,True,stage_2_candidates
5.0,24.0,100.0,1.0,125.0,175.0,2,200.0,30.0,40.0,0.045,0.85,0.82,1669.5884464479507,1.63076863403966,1669.5884464479507,1.63076863403966,1.03817955658652,1027.6754652782759,1019.9337560398063,13290.579335142556,1.3232985108946311,5944.56128347749,40000.0,45944.56128347749,-3.2512477144434655,0.0,0.07792842371391494,0.07792842371391494,1.6,1.6779284237139152,1.6779284237139152,8.512,0.04256,0.8028749502215795,0.2892742680279351,0.2892742680279351,True,1.03817955658652,0.53817955658652,0.0,-0.5,2.889673545358418,1.0,0.0,0.2892742680279351,0.009155124966390382,0.04644323477245156,PASS,NONE,INSUFFICIENT_NATURAL_CIRCULATION,1,True,False,True,RETROFIT_ASSIST,HYBRID_RETROFIT_ASSIST,False,True,stage_2_candidates
5.0,24.0,1000.0,1.0,1250.0,175.0,4,200.0,30.0,40.0,0.045,0.85,0.82,1669.5884464479507,1.63076863403966,1669.5884464479507,1.63076863403966,0.51908977829326,1027.6754652782759,1019.9337560398063,13290.579335142556,1.3232985108946311,6020.313356716182,40000.0,46020.313356716186,-3.2587900948910127,0.0,0.07810920533098979,0.07810920533098979,1.6,1.6781092053309898,1.6781092053309898,8.512,0.04256,0.8028537117797239,0.2887981060042681,0.2887981060042681,True,0.51908977829326,0.019089778293259974,0.0,-0.5,5.779347090716836,1.0,0.0,0.2887981060042681,0.00917636340824598,0.0465459608247507,PASS,NONE,INSUFFICIENT_NATURAL_CIRCULATION,1,True,False,True,RETROFIT_ASSIST,HYBRID_RETROFIT_ASSIST,False,True,stage_2_candidates
5.0,24.0,600.0,1.0,750.0,250.0,1,200.0,40.0,40.0,0.045,0.85,0.82,1252.1913348359628,1.2255118116898562,1252.1913348359628,1.2255118116898562,1.5603701011835571,1027.6754652782759,1015.8647485191225,28965.78285182363,2.8897686180606548,34484.60357522051,40000.0,74484.6035752205,-4.541180893694364,0.0,0.08163490602543787,0.08163490602543787,1.6,1.6816349060254379,1.6816349060254379,8.512,0.04256,0.8024395082206958,0.38888282224086307,0.38888282224086307,True,1.5603701011835571,1.0603701011835571,0.0,-0.5,1.9226207921598015,1.0,0.0,0.38888282224086307,0.009590566967274186,0.04854496403049985,PASS,NONE,INSUFFICIENT_NATURAL_CIRCULATION,1,True,False,True,RETROFIT_ASSIST,HYBRID_RETROFIT_ASSIST,False,True,stage_2_candidates
5.0,24.0,300.0,1.0,375.0,175.0,2,200.0,30.0,40.0,0.045,0.85,0.82,1669.5884464479507,1.63076863403966,1669.5884464479507,1.63076863403966,1.03817955658652,1027.6754652782759,1019.9337560398063,13290.579335142556,1.3232985108946311,9519.02010203867,40000.0,49519.020102038674,-3.607144618000489,0.0,0.0864588363846116,0.0864588363846116,1.6,1.6864588363846116,1.6864588363846116,8.512,0.04256,0.8018727870788755,0.26839342353213064,0.26839342353213064,True,1.03817955658652,0.53817955658652,0.0,-0.5,2.889673545358418,1.0,0.0,0.26839342353213064,0.010157288109094408,0.05126649670854694,PASS,NONE,INSUFFICIENT_NATURAL_CIRCULATION,1,True,False,True,RETROFIT_ASSIST,HYBRID_RETROFIT_ASSIST,False,True,stage_2_candidates
5.0,24.0,600.0,1.0,750.0,250.0,2,200.0,30.0,40.0,0.045,0.85,0.82,1669.5884464479507,1.63076863403966,1669.5884464479507,1.63076863403966,1.03817955658652,1027.6754652782759,1019.9337560398063,18986.54190734651,1.8904264441351875,15953.045975448795,40000.0,55953.0459754488,-3.680631111162574,0.0,0.08822021757711324,0.08822021757711324,1.6,1.6882202175771133,1.6882202175771133,8.512,0.04256,0.8016658578974256,0.33932990735977925,0.33932990735977925,True,1.03817955658652,0.53817955658652,0.0,-0.5,2.889673545358418,1.0,0.0,0.33932990735977925,0.010364217290544318,0.052256344675059296,PASS,NONE,INSUFFICIENT_NATURAL_CIRCULATION,1,True,False,True,RETROFIT_ASSIST,HYBRID_RETROFIT_ASSIST,False,True,stage_2_candidates
5.0,24.0,600.0,1.0,750.0,175.0,1,200.0,40.0,40.0,0.045,0.85,0.82,1252.1913348359628,1.2255118116898562,1252.1913348359628,1.2255118116898562,1.5603701011835571,1027.6754652782759,1015.8647485191225,20276.047996276542,2.0228380326424586,32178.13127626323,40000.0,72178.13127626323,-5.178006485850369,0.0,0.0930828528452697,0.0930828528452697,1.6,1.6930828528452697,1.6930828528452697,8.512,0.04256,0.8010945896563357,0.28091677683742694,0.28091677683742694,True,1.5603701011835571,1.0603701011835571,0.0,-0.5,1.9226207921598015,1.0,0.0,0.28091677683742694,0.010935485531634127,0.054978321166528586,PASS,NONE,INSUFFICIENT_NATURAL_CIRCULATION,1,True,False,True,RETROFIT_ASSIST,HYBRID_RETROFIT_ASSIST,False,True,stage_2_candidates
5.0,24.0,600.0,1.0,750.0,175.0,2,200.0,30.0,40.0,0.045,0.85,0.82,1669.5884464479507,1.63076863403966,1669.5884464479507,1.63076863403966,1.03817955658652,1027.6754652782759,1019.9337560398063,13290.579335142556,1.3232985108946311,14880.708329880441,40000.0,54880.70832988044,-4.140989973336024,0.0,0.09925445539065653,0.09925445539065653,1.6,1.6992544553906566,1.6992544553906566,8.512,0.04256,0.8003695423648195,0.24217215374216197,0.24217215374216197,True,1.03817955658652,0.53817955658652,0.0,-0.5,2.889673545358418,1.0,0.0,0.24217215374216197,0.011660532823150438,0.05841059005364682,PASS,NONE,INSUFFICIENT_NATURAL_CIRCULATION,1,True,False,True,RETROFIT_ASSIST,HYBRID_RETROFIT_ASSIST,False,True,stage_2_candidates
5.0,24.0,30.0,1.0,50.0,250.0,1,200.0,30.0,40.0,0.045,0.85,0.82,1669.5884464479507,1.63076863403966,1669.5884464479507,1.63076863403966,2.07635911317304,1027.6754652782759,1019.9337560398063,18986.54190734651,1.8904264441351875,22519.80595582448,40000.0,62519.80595582448,-4.334461428435224,0.0,0.10389172909408428,0.10389172909408428,1.6,1.7038917290940843,1.7038917290940843,8.512,0.04256,0.7998247498714657,0.30368843308250354,0.30368843308250354,True,2.07635911317304,0.9236408868269601,0.0,-0.5,1.444836772679209,1.0,0.0,0.30368843308250354,0.012205325316504262,0.06097319877790642,PASS,NONE,INSUFFICIENT_NATURAL_CIRCULATION,1,True,False,True,RETROFIT_ASSIST,HYBRID_RETROFIT_ASSIST,False,True,stage_2_candidates
5.0,24.0,1000.0,1.0,1250.0,250.0,2,200.0,30.0,40.0,0.045,0.85,0.82,1669.5884464479507,1.63076863403966,1669.5884464479507,1.63076863403966,1.03817955658652,1027.6754652782759,1019.9337560398063,18986.54190734651,1.8904264441351875,23101.963612571155,40000.0,63101.963612571155,-4.392424918276619,0.0,0.10528104291850648,0.10528104291850648,1.6,1.7052810429185066,1.7052810429185066,8.512,0.04256,0.7996615316120175,0.30088670495134984,0.30088670495134984,True,1.03817955658652,0.53817955658652,0.0,-0.5,2.889673545358418,1.0,0.0,0.30088670495134984,0.01236854357595236,0.06173823567423411,PASS,NONE,INSUFFICIENT_NATURAL_CIRCULATION,1,True,False,True,RETROFIT_ASSIST,HYBRID_RETROFIT_ASSIST,False,True,stage_2_candidates
5.0,24.0,30.0,1.0,50.0,175.0,1,200.0,30.0,40.0,0.045,0.85,0.82,1669.5884464479507,1.63076863403966,1669.5884464479507,1.63076863403966,2.07635911317304,1027.6754652782759,1019.9337560398063,13290.579335142556,1.3232985108946311,18545.065168072433,40000.0,58545.06516807243,-4.505837721887084,0.0,0.10799940884770859,0.10799940884770859,1.6,1.7079994088477084,1.7079994088477084,8.512,0.04256,0.7993421747124403,0.22701451090690009,0.22701451090690009,True,2.07635911317304,0.9236408868269601,0.0,-0.5,1.444836772679209,1.0,0.0,0.22701451090690009,0.012687900475529675,0.06323152589412764,PASS,NONE,INSUFFICIENT_NATURAL_CIRCULATION,1,True,False,True,RETROFIT_ASSIST,HYBRID_RETROFIT_ASSIST,False,True,stage_2_candidates
5.0,24.0,1000.0,1.0,1250.0,250.0,1,200.0,40.0,40.0,0.045,0.85,0.82,1252.1913348359628,1.2255118116898562,1252.1913348359628,1.2255118116898562,1.5603701011835571,1027.6754652782759,1015.8647485191225,28965.78285182363,2.8897686180606548,49861.08556826906,40000.0,89861.08556826906,-6.0752141821089705,0.0,0.10921157964209743,0.10921157964209743,1.6,1.7092115796420975,1.7092115796420975,8.512,0.04256,0.7991997674292649,0.32233956076368353,0.32233956076368353,True,1.5603701011835571,1.0603701011835571,0.0,-0.5,1.9226207921598015,1.0,0.0,0.32233956076368353,0.012830307758705056,0.06389588096809286,PASS,NONE,INSUFFICIENT_NATURAL_CIRCULATION,1,True,False,True,RETROFIT_ASSIST,HYBRID_RETROFIT_ASSIST,False,True,stage_2_candidates
5.0,24.0,100.0,1.0,125.0,250.0,1,200.0,30.0,40.0,0.045,0.85,0.82,1669.5884464479507,1.63076863403966,1669.5884464479507,1.63076863403966,2.07635911317304,1027.6754652782759,1019.9337560398063,18986.54190734651,1.8904264441351875,26494.546743576517,40000.0,66494.54674357652,-4.73021306822392,0.0,0.11337741095521225,0.11337741095521225,1.6,1.7133774109552122,1.7133774109552122,8.512,0.04256,0.7987103605550737,0.28553532337868953,0.28553532337868953,True,2.07635911317304,0.9236408868269601,0.0,-0.5,1.444836772679209,1.0,0.0,0.28553532337868953,0.013319714632896176,0.06617188380696816,PASS,NONE,INSUFFICIENT_NATURAL_CIRCULATION,1,True,False,True,RETROFIT_ASSIST,HYBRID_RETROFIT_ASSIST,False,True,stage_2_candidates
5.0,24.0,1000.0,1.0,1250.0,175.0,2,200.0,30.0,40.0,0.045,0.85,0.82,1669.5884464479507,1.63076863403966,1669.5884464479507,1.63076863403966,1.03817955658652,1027.6754652782759,1019.9337560398063,13290.579335142556,1.3232985108946311,22029.6259670028,40000.0,62029.6259670028,-4.852783780450069,0.0,0.1163152807320498,0.1163152807320498,1.6,1.7163152807320499,1.7163152807320499,8.512,0.04256,0.7983652160794115,0.21426180035669723,0.21426180035669723,True,1.03817955658652,0.53817955658652,0.0,-0.5,2.889673545358418,1.0,0.0,0.21426180035669723,0.013664859108558481,0.06777034618164007,PASS,NONE,INSUFFICIENT_NATURAL_CIRCULATION,1,True,False,True,RETROFIT_ASSIST,HYBRID_RETROFIT_ASSIST,False,True,stage_2_candidates
5.0,24.0,100.0,1.0,125.0,175.0,1,200.0,30.0,40.0,0.045,0.85,0.82,1669.5884464479507,1.63076863403966,1669.5884464479507,1.63076863403966,2.07635911317304,1027.6754652782759,1019.9337560398063,13290.579335142556,1.3232985108946311,22519.80595582448,40000.0,62519.80595582448,-4.901589361675781,0.0,0.11748509070883657,0.11748509070883657,1.6,1.7174850907088366,1.7174850907088366,8.512,0.04256,0.7982277853960483,0.2125819031577525,0.2125819031577525,True,2.07635911317304,0.9236408868269601,0.0,-0.5,1.444836772679209,1.0,0.0,0.2125819031577525,0.013802289791921591,0.06840530456095452,PASS,NONE,INSUFFICIENT_NATURAL_CIRCULATION,1,True,False,True,RETROFIT_ASSIST,HYBRID_RETROFIT_ASSIST,False,True,stage_2_candidates
5.0,24.0,1000.0,1.0,1250.0,175.0,1,200.0,40.0,40.0,0.045,0.85,0.82,1252.1913348359628,1.2255118116898562,1252.1913348359628,1.2255118116898562,1.5603701011835571,1027.6754652782759,1015.8647485191225,20276.047996276542,2.0228380326424586,47554.613269311776,40000.0,87554.61326931178,-6.712039774264977,0.0,0.12065952646192928,0.12065952646192928,1.6,1.7206595264619293,1.7206595264619293,8.512,0.04256,0.797854848864905,0.23158172070167057,0.23158172070167057,True,1.5603701011835571,1.0603701011835571,0.0,-0.5,1.9226207921598015,1.0,0.0,0.23158172070167057,0.014175226323065,0.0701239987378752,PASS,NONE,INSUFFICIENT_NATURAL_CIRCULATION,1,True,False,True,RETROFIT_ASSIST,HYBRID_RETROFIT_ASSIST,False,True,stage_2_candidates
5.0,24.0,300.0,1.0,375.0,250.0,1,200.0,30.0,40.0,0.045,0.85,0.82,1669.5884464479507,1.63076863403966,1669.5884464479507,1.63076863403966,2.07635911317304,1027.6754652782759,1019.9337560398063,18986.54190734651,1.8904264441351875,39743.682702750004,40000.0,79743.68270275,-6.04938520085291,0.0,0.14499635049230553,0.14499635049230553,1.6,1.7449963504923056,1.7449963504923056,8.512,0.04256,0.794995729500434,0.23809462096352052,0.23809462096352052,True,2.07635911317304,0.9236408868269601,0.0,-0.5,1.444836772679209,1.0,0.0,0.23809462096352052,0.017034345687535896,0.08309263824614795,PASS,NONE,INSUFFICIENT_NATURAL_CIRCULATION,1,True,False,True,RETROFIT_ASSIST,HYBRID_RETROFIT_ASSIST,False,True,stage_2_candidates
5.0,24.0,300.0,1.0,375.0,175.0,1,200.0,30.0,40.0,0.045,0.85,0.82,1669.5884464479507,1.63076863403966,1669.5884464479507,1.63076863403966,2.07635911317304,1027.6754652782759,1019.9337560398063,13290.579335142556,1.3232985108946311,35768.94191499796,40000.0,75768.94191499797,-6.220761494304771,0.0,0.14910403024592989,0.14910403024592989,1.6,1.74910403024593,1.74910403024593,8.512,0.04256,0.7945131543414086,0.1754093299871167,0.1754093299871167,True,2.07635911317304,0.9236408868269601,0.0,-0.5,1.444836772679209,1.0,0.0,0.1754093299871167,0.017516920846561312,0.08524594744942951,PASS,NONE,INSUFFICIENT_NATURAL_CIRCULATION,1,True,False,True,RETROFIT_ASSIST,HYBRID_RETROFIT_ASSIST,False,True,stage_2_candidates
5.0,24.0,30.0,1.0,50.0,250.0,2,150.0,40.0,40.0,0.045,0.85,0.82,939.1435011269722,0.9191338587673922,939.1435011269722,0.9191338587673922,0.5851387879438339,1027.6754652782759,1015.8647485191225,28965.78285182363,2.8897686180606548,1995.4326688913816,40000.0,41995.43266889138,-1.299901795794606,0.0,0.01752584241182828,0.01752584241182828,1.2,1.2175258424118283,1.2175258424118283,5.884,0.03922666666666667,0.7930785447974459,0.6897365025430583,0.6897365025430583,True,0.5851387879438339,0.0851387879438339,0.0,-0.5,5.1269887790928035,1.0,0.0,0.6897365025430583,0.0029785592134310467,0.014394636895025478,PASS,NONE,INSUFFICIENT_NATURAL_CIRCULATION,1,True,False,True,RETROFIT_ASSIST,HYBRID_RETROFIT_ASSIST,False,True,stage_2_candidates
5.0,24.0,100.0,1.0,125.0,250.0,2,150.0,40.0,40.0,0.045,0.85,0.82,939.1435011269722,0.9191338587673922,939.1435011269722,0.9191338587673922,0.5851387879438339,1027.6754652782759,1015.8647485191225,28965.78285182363,2.8897686180606548,2363.1003818091067,40000.0,42363.100381809105,-1.336582130798805,0.0,0.01802038267092816,0.01802038267092816,1.2,1.2180203826709282,1.2180203826709282,5.884,0.03922666666666667,0.7929944964869259,0.6837503060626238,0.6837503060626238,True,0.5851387879438339,0.0851387879438339,0.0,-0.5,5.1269887790928035,1.0,0.0,0.6837503060626238,0.003062607523951081,0.014794812079755413,PASS,NONE,INSUFFICIENT_NATURAL_CIRCULATION,1,True,False,True,RETROFIT_ASSIST,HYBRID_RETROFIT_ASSIST,False,True,stage_2_candidates
5.0,24.0,300.0,1.0,375.0,250.0,2,150.0,40.0,40.0,0.045,0.85,0.82,939.1435011269722,0.9191338587673922,939.1435011269722,0.9191338587673922,0.5851387879438339,1027.6754652782759,1015.8647485191225,28965.78285182363,2.8897686180606548,3588.6594248681904,40000.0,43588.659424868194,-1.458849914146136,0.0,0.019668850201261096,0.019668850201261096,1.2,1.219668850201261,1.219668850201261,5.884,0.03922666666666667,0.7927143354518591,0.6645256641065239,0.6645256641065239,True,0.5851387879438339,0.0851387879438339,0.0,-0.5,5.1269887790928035,1.0,0.0,0.6645256641065239,0.0033427685590178614,0.016126385615255718,PASS,NONE,INSUFFICIENT_NATURAL_CIRCULATION,1,True,False,True,RETROFIT_ASSIST,HYBRID_RETROFIT_ASSIST,False,True,stage_2_candidates
5.0,24.0,600.0,1.0,750.0,250.0,2,150.0,40.0,40.0,0.045,0.85,0.82,939.1435011269722,0.9191338587673922,939.1435011269722,0.9191338587673922,0.5851387879438339,1027.6754652782759,1015.8647485191225,28965.78285182363,2.8897686180606548,5426.997989456815,40000.0,45426.99798945682,-1.6422515891671305,0.0,0.022141551496760486,0.022141551496760486,1.2,1.2221415514967604,1.2221415514967604,5.884,0.03922666666666667,0.7922940938992589,0.6376336569400056,0.6376336569400056,True,0.5851387879438339,0.0851387879438339,0.0,-0.5,5.1269887790928035,1.0,0.0,0.6376336569400056,0.0037630101116180297,0.0181170106438519,PASS,NONE,INSUFFICIENT_NATURAL_CIRCULATION,1,True,False,True,RETROFIT_ASSIST,HYBRID_RETROFIT_ASSIST,False,True,stage_2_candidates
5.0,24.0,30.0,1.0,50.0,250.0,1,150.0,40.0,40.0,0.045,0.85,0.82,939.1435011269722,0.9191338587673922,939.1435011269722,0.9191338587673922,1.1702775758876678,1027.6754652782759,1015.8647485191225,28965.78285182363,2.8897686180606548,7460.914225399392,40000.0,47460.91422539939,-1.8451650522852483,0.0,0.024877319221177387,0.024877319221177387,1.2,1.2248773192211773,1.2248773192211773,5.884,0.03922666666666667,0.7918291435721997,0.6103081519723903,0.6103081519723903,True,1.1702775758876678,0.6702775758876678,0.0,-0.5,2.5634943895464017,1.0,0.0,0.6103081519723903,0.004227960438677326,0.020310049692972773,PASS,NONE,INSUFFICIENT_NATURAL_CIRCULATION,1,True,False,True,RETROFIT_ASSIST,HYBRID_RETROFIT_ASSIST,False,True,stage_2_candidates
5.0,24.0,1000.0,1.0,1250.0,250.0,2,150.0,40.0,40.0,0.045,0.85,0.82,939.1435011269722,0.9191338587673922,939.1435011269722,0.9191338587673922,0.5851387879438339,1027.6754652782759,1015.8647485191225,28965.78285182363,2.8897686180606548,7878.116075574982,40000.0,47878.11607557498,-1.8867871558617915,0.0,0.025438486557426337,0.025438486557426337,1.2,1.2254384865574264,1.2254384865574264,5.884,0.03922666666666667,0.7917337718291254,0.6049900293925835,0.6049900293925835,True,0.5851387879438339,0.0851387879438339,0.0,-0.5,5.1269887790928035,1.0,0.0,0.6049900293925835,0.004323332181751587,0.020758680942761662,PASS,NONE,INSUFFICIENT_NATURAL_CIRCULATION,1,True,False,True,RETROFIT_ASSIST,HYBRID_RETROFIT_ASSIST,False,True,stage_2_candidates
5.0,24.0,100.0,1.0,125.0,250.0,1,150.0,40.0,40.0,0.045,0.85,0.82,939.1435011269722,0.9191338587673922,939.1435011269722,0.9191338587673922,1.1702775758876678,1027.6754652782759,1015.8647485191225,28965.78285182363,2.8897686180606548,8801.380964528758,40000.0,48801.380964528755,-1.9788965911877523,0.0,0.026680346098960774,0.026680346098960774,1.2,1.2266803460989608,1.2266803460989608,5.884,0.03922666666666667,0.7915227148030317,0.5935443276262486,0.5935443276262486,True,1.1702775758876678,0.6702775758876678,0.0,-0.5,2.5634943895464017,1.0,0.0,0.5935443276262486,0.004534389207845135,0.021750039595733746,PASS,NONE,INSUFFICIENT_NATURAL_CIRCULATION,1,True,False,True,RETROFIT_ASSIST,HYBRID_RETROFIT_ASSIST,False,True,stage_2_candidates
5.0,24.0,30.0,1.0,50.0,175.0,2,150.0,40.0,40.0,0.045,0.85,0.82,939.1435011269722,0.9191338587673922,939.1435011269722,0.9191338587673922,0.5851387879438339,1027.6754652782759,1015.8647485191225,20276.047996276542,2.0228380326424586,1627.7649559736567,40000.0,41627.76495597366,-2.130152046208603,0.0,0.02871963804947646,0.02871963804947646,1.2,1.2287196380494765,1.2287196380494765,5.884,0.03922666666666667,0.7911761322145688,0.487079909712205,0.487079909712205,True,0.5851387879438339,0.0851387879438339,0.0,-0.5,5.1269887790928035,1.0,0.0,0.487079909712205,0.004880971796308032,0.023373629882783735,PASS,NONE,INSUFFICIENT_NATURAL_CIRCULATION,1,True,False,True,RETROFIT_ASSIST,HYBRID_RETROFIT_ASSIST,False,True,stage_2_candidates
5.0,24.0,100.0,1.0,125.0,175.0,2,150.0,40.0,40.0,0.045,0.85,0.82,939.1435011269722,0.9191338587673922,939.1435011269722,0.9191338587673922,0.5851387879438339,1027.6754652782759,1015.8647485191225,20276.047996276542,2.0228380326424586,1995.4326688913816,40000.0,41995.43266889138,-2.166832381212802,0.0,0.029214178308576335,0.029214178308576335,1.2,1.2292141783085764,1.2292141783085764,5.884,0.03922666666666667,0.7910920839040488,0.4828155517801408,0.4828155517801408,True,0.5851387879438339,0.0851387879438339,0.0,-0.5,5.1269887790928035,1.0,0.0,0.4828155517801408,0.004965020106828065,0.02376654843729157,PASS,NONE,INSUFFICIENT_NATURAL_CIRCULATION,1,True,False,True,RETROFIT_ASSIST,HYBRID_RETROFIT_ASSIST,False,True,stage_2_candidates
5.0,24.0,300.0,1.0,375.0,175.0,2,150.0,40.0,40.0,0.045,0.85,0.82,939.1435011269722,0.9191338587673922,939.1435011269722,0.9191338587673922,0.5851387879438339,1027.6754652782759,1015.8647485191225,20276.047996276542,2.0228380326424586,3220.9917119504644,40000.0,43220.99171195047,-2.289100164560133,0.0,0.03086264583890927,0.03086264583890927,1.2,1.2308626458389094,1.2308626458389094,5.884,0.03922666666666667,0.7908119228689822,0.4691250060018933,0.4691250060018933,True,0.5851387879438339,0.0851387879438339,0.0,-0.5,5.1269887790928035,1.0,0.0,0.4691250060018933,0.0052451811418948455,0.025073996634185337,PASS,NONE,INSUFFICIENT_NATURAL_CIRCULATION,1,True,False,True,RETROFIT_ASSIST,HYBRID_RETROFIT_ASSIST,False,True,stage_2_candidates
5.0,24.0,300.0,1.0,375.0,250.0,1,150.0,40.0,40.0,0.045,0.85,0.82,939.1435011269722,0.9191338587673922,939.1435011269722,0.9191338587673922,1.1702775758876678,1027.6754652782759,1015.8647485191225,28965.78285182363,2.8897686180606548,13269.603428293314,40000.0,53269.60342829331,-2.4246683875294326,0.0,0.03269043569157208,0.03269043569157208,1.2,1.232690435691572,1.232690435691572,5.884,0.03922666666666667,0.7905012855724725,0.5437581845491816,0.5437581845491816,True,1.1702775758876678,0.6702775758876678,0.0,-0.5,2.5634943895464017,1.0,0.0,0.5437581845491816,0.0055558184384045,0.026519582488065525,PASS,NONE,INSUFFICIENT_NATURAL_CIRCULATION,1,True,False,True,RETROFIT_ASSIST,HYBRID_RETROFIT_ASSIST,False,True,stage_2_candidates
5.0,24.0,600.0,1.0,750.0,175.0,2,150.0,40.0,40.0,0.045,0.85,0.82,939.1435011269722,0.9191338587673922,939.1435011269722,0.9191338587673922,0.5851387879438339,1027.6754652782759,1015.8647485191225,20276.047996276542,2.0228380326424586,5059.33027653909,40000.0,45059.33027653909,-2.4725018395811276,0.0,0.033335347134408666,0.033335347134408666,1.2,1.2333353471344088,1.2333353471344088,5.884,0.03922666666666667,0.7903916813163819,0.44998556063390077,0.44998556063390077,True,0.5851387879438339,0.0851387879438339,0.0,-0.5,5.1269887790928035,1.0,0.0,0.44998556063390077,0.005665422694495014,0.027028615706070232,PASS,NONE,INSUFFICIENT_NATURAL_CIRCULATION,1,True,False,True,RETROFIT_ASSIST,HYBRID_RETROFIT_ASSIST,False,True,stage_2_candidates
5.0,24.0,30.0,1.0,50.0,175.0,1,150.0,40.0,40.0,0.045,0.85,0.82,939.1435011269722,0.9191338587673922,939.1435011269722,0.9191338587673922,1.1702775758876678,1027.6754652782759,1015.8647485191225,20276.047996276542,2.0228380326424586,6120.447486270026,40000.0,46120.44748627003,-2.5783640988009404,0.0,0.034762628240142056,0.034762628240142056,1.2,1.234762628240142,1.234762628240142,5.884,0.03922666666666667,0.7901491114479704,0.4396325079524149,0.4396325079524149,True,1.1702775758876678,0.6702775758876678,0.0,-0.5,2.5634943895464017,1.0,0.0,0.4396325079524149,0.0059079925629065356,0.028153288288039494,PASS,NONE,INSUFFICIENT_NATURAL_CIRCULATION,1,True,False,True,RETROFIT_ASSIST,HYBRID_RETROFIT_ASSIST,False,True,stage_2_candidates
5.0,24.0,100.0,1.0,125.0,175.0,1,150.0,40.0,40.0,0.045,0.85,0.82,939.1435011269722,0.9191338587673922,939.1435011269722,0.9191338587673922,1.1702775758876678,1027.6754652782759,1015.8647485191225,20276.047996276542,2.0228380326424586,7460.914225399392,40000.0,47460.91422539939,-2.7120956377034444,0.0,0.036565655117925436,0.036565655117925436,1.2,1.2365656551179256,1.2365656551179256,5.884,0.03922666666666667,0.7898426826788026,0.4272157063806732,0.4272157063806732,True,1.1702775758876678,0.6702775758876678,0.0,-0.5,2.5634943895464017,1.0,0.0,0.4272157063806732,0.006214421332074344,0.02957033050900831,PASS,NONE,INSUFFICIENT_NATURAL_CIRCULATION,1,True,False,True,RETROFIT_ASSIST,HYBRID_RETROFIT_ASSIST,False,True,stage_2_candidates
5.0,24.0,1000.0,1.0,1250.0,175.0,2,150.0,40.0,40.0,0.045,0.85,0.82,939.1435011269722,0.9191338587673922,939.1435011269722,0.9191338587673922,0.5851387879438339,1027.6754652782759,1015.8647485191225,20276.047996276542,2.0228380326424586,7510.4483626572555,40000.0,47510.448362657255,-2.7170374062757885,0.0,0.03663228219507452,0.03663228219507452,1.2,1.2366322821950746,1.2366322821950746,5.884,0.03922666666666667,0.7898313592462484,0.4267702935890059,0.4267702935890059,True,0.5851387879438339,0.0851387879438339,0.0,-0.5,5.1269887790928035,1.0,0.0,0.4267702935890059,0.006225744764628572,0.02962261516418662,PASS,NONE,INSUFFICIENT_NATURAL_CIRCULATION,1,True,False,True,RETROFIT_ASSIST,HYBRID_RETROFIT_ASSIST,False,True,stage_2_candidates
5.0,24.0,600.0,1.0,750.0,250.0,1,200.0,30.0,40.0,0.045,0.85,0.82,1669.5884464479507,1.63076863403966,1669.5884464479507,1.63076863403966,2.07635911317304,1027.6754652782759,1019.9337560398063,18986.54190734651,1.8904264441351875,59617.38664151023,40000.0,99617.38664151024,-8.028143399796395,0.0,0.19242475979794552,0.19242475979794552,1.6,1.7924247597979457,1.7924247597979457,8.512,0.04256,0.7894237829184745,0.19059465970205325,0.19059465970205325,True,2.07635911317304,0.9236408868269601,0.0,-0.5,1.444836772679209,1.0,0.0,0.19059465970205325,0.022606292269495478,0.10735444193464329,PASS,NONE,INSUFFICIENT_NATURAL_CIRCULATION,1,True,False,True,RETROFIT_ASSIST,HYBRID_RETROFIT_ASSIST,False,True,stage_2_candidates
5.0,24.0,600.0,1.0,750.0,250.0,1,150.0,40.0,40.0,0.045,0.85,0.82,939.1435011269722,0.9191338587673922,939.1435011269722,0.9191338587673922,1.1702775758876678,1027.6754652782759,1015.8647485191225,28965.78285182363,2.8897686180606548,19971.937123940144,40000.0,59971.937123940144,-3.0933260820419544,0.0,0.04170557008048904,0.04170557008048904,1.2,1.241705570080489,1.241705570080489,5.884,0.03922666666666667,0.7889691417266335,0.4829889485137342,0.4829889485137342,True,1.1702775758876678,0.6702775758876678,0.0,-0.5,2.5634943895464017,1.0,0.0,0.4829889485137342,0.0070879622842435494,0.03358732624335867,PASS,NONE,INSUFFICIENT_NATURAL_CIRCULATION,1,True,False,True,RETROFIT_ASSIST,HYBRID_RETROFIT_ASSIST,False,True,stage_2_candidates
5.0,24.0,600.0,1.0,750.0,175.0,1,200.0,30.0,40.0,0.045,0.85,0.82,1669.5884464479507,1.63076863403966,1669.5884464479507,1.63076863403966,2.07635911317304,1027.6754652782759,1019.9337560398063,13290.579335142556,1.3232985108946311,55642.64585375818,40000.0,95642.64585375818,-8.199519693248254,0.0,0.19653243955156982,0.19653243955156982,1.6,1.7965324395515698,1.7965324395515698,8.512,0.04256,0.7889412077594491,0.13896080787501883,0.13896080787501883,True,2.07635911317304,0.9236408868269601,0.0,-0.5,1.444836772679209,1.0,0.0,0.13896080787501883,0.023088867428520888,0.10939543045525303,PASS,NONE,INSUFFICIENT_NATURAL_CIRCULATION,1,True,False,True,RETROFIT_ASSIST,HYBRID_RETROFIT_ASSIST,False,True,stage_2_candidates
5.0,24.0,300.0,1.0,375.0,175.0,1,150.0,40.0,40.0,0.045,0.85,0.82,939.1435011269722,0.9191338587673922,939.1435011269722,0.9191338587673922,1.1702775758876678,1027.6754652782759,1015.8647485191225,20276.047996276542,2.0228380326424586,11929.136689163945,40000.0,51929.13668916395,-3.1578674340451247,0.0,0.04257574471053675,0.04257574471053675,1.2,1.2425757447105368,1.2425757447105368,5.884,0.03922666666666667,0.7888212534482433,0.390456096307635,0.390456096307635,True,1.1702775758876678,0.6702775758876678,0.0,-0.5,2.5634943895464017,1.0,0.0,0.390456096307635,0.007235850562633711,0.034264104133510956,PASS,NONE,INSUFFICIENT_NATURAL_CIRCULATION,1,True,False,True,RETROFIT_ASSIST,HYBRID_RETROFIT_ASSIST,False,True,stage_2_candidates
5.0,24.0,30.0,1.0,50.0,250.0,2,150.0,30.0,40.0,0.045,0.85,0.82,1252.1913348359628,1.223076475529745,1252.1913348359628,1.223076475529745,0.77863466743989,1027.6754652782759,1019.9337560398063,18986.54190734651,1.8904264441351875,3436.0520424697347,40000.0,43436.05204246973,-2.4343559101567727,0.0,0.04376139612365164,0.04376139612365164,1.2,1.2437613961236516,1.2437613961236516,5.884,0.03922666666666667,0.7886197491292231,0.437114816254073,0.437114816254073,True,0.77863466743989,0.27863466743988996,0.0,-0.5,3.852898060477891,1.0,0.0,0.437114816254073,0.007437354881653916,0.03518471972199802,PASS,NONE,INSUFFICIENT_NATURAL_CIRCULATION,1,True,False,True,RETROFIT_ASSIST,HYBRID_RETROFIT_ASSIST,False,True,stage_2_candidates
5.0,24.0,100.0,1.0,125.0,250.0,2,150.0,30.0,40.0,0.045,0.85,0.82,1252.1913348359628,1.223076475529745,1252.1913348359628,1.223076475529745,0.77863466743989,1027.6754652782759,1019.9337560398063,18986.54190734651,1.8904264441351875,4062.301048230346,40000.0,44062.30104823034,-2.4967094280791255,0.0,0.044882299187217055,0.044882299187217055,1.2,1.244882299187217,1.244882299187217,5.884,0.03922666666666667,0.7884292489484676,0.4309021874859406,0.4309021874859406,True,0.77863466743989,0.27863466743988996,0.0,-0.5,3.852898060477891,1.0,0.0,0.4309021874859406,0.007627855062409424,0.03605344795770707,PASS,NONE,INSUFFICIENT_NATURAL_CIRCULATION,1,True,False,True,RETROFIT_ASSIST,HYBRID_RETROFIT_ASSIST,False,True,stage_2_candidates
5.0,24.0,300.0,1.0,375.0,250.0,2,150.0,30.0,40.0,0.045,0.85,0.82,1252.1913348359628,1.223076475529745,1252.1913348359628,1.223076475529745,0.77863466743989,1027.6754652782759,1019.9337560398063,18986.54190734651,1.8904264441351875,6149.79773409905,40000.0,46149.79773409905,-2.704554487820301,0.0,0.04861864273243508,0.04861864273243508,1.2,1.248618642732435,1.248618642732435,5.884,0.03922666666666667,0.7877942483459492,0.41141116190240157,0.41141116190240157,True,0.77863466743989,0.27863466743988996,0.0,-0.5,3.852898060477891,1.0,0.0,0.41141116190240157,0.008262855664927784,0.03893794395544157,PASS,NONE,INSUFFICIENT_NATURAL_CIRCULATION,1,True,False,True,RETROFIT_ASSIST,HYBRID_RETROFIT_ASSIST,False,True,stage_2_candidates
5.0,24.0,600.0,1.0,750.0,175.0,1,150.0,40.0,40.0,0.045,0.85,0.82,939.1435011269722,0.9191338587673922,939.1435011269722,0.9191338587673922,1.1702775758876678,1027.6754652782759,1015.8647485191225,20276.047996276542,2.0228380326424586,18631.47038481078,40000.0,58631.470384810775,-3.8265251285576456,0.0,0.051590879099453715,0.051590879099453715,1.2,1.2515908790994539,1.2515908790994539,5.884,0.03922666666666667,0.7872891096024042,0.34582192572010456,0.34582192572010456,True,1.1702775758876678,0.6702775758876678,0.0,-0.5,2.5634943895464017,1.0,0.0,0.34582192572010456,0.008767994408472759,0.041220242142204204,PASS,NONE,INSUFFICIENT_NATURAL_CIRCULATION,1,True,False,True,RETROFIT_ASSIST,HYBRID_RETROFIT_ASSIST,False,True,stage_2_candidates
5.0,24.0,30.0,1.0,50.0,175.0,2,150.0,30.0,40.0,0.045,0.85,0.82,1252.1913348359628,1.223076475529745,1252.1913348359628,1.223076475529745,0.77863466743989,1027.6754652782759,1019.9337560398063,13290.579335142556,1.3232985108946311,2809.803036709124,40000.0,42809.80303670913,-2.939130325474977,0.0,0.05283551427115048,0.05283551427115048,1.2,1.2528355142711505,1.2528355142711505,5.884,0.03922666666666667,0.7870775808512661,0.31045644671025396,0.31045644671025396,True,0.77863466743989,0.27863466743988996,0.0,-0.5,3.852898060477891,1.0,0.0,0.31045644671025396,0.00897952315961089,0.04217274627778097,PASS,NONE,INSUFFICIENT_NATURAL_CIRCULATION,1,True,False,True,RETROFIT_ASSIST,HYBRID_RETROFIT_ASSIST,False,True,stage_2_candidates
5.0,24.0,1000.0,1.0,1250.0,250.0,1,150.0,40.0,40.0,0.045,0.85,0.82,939.1435011269722,0.9191338587673922,939.1435011269722,0.9191338587673922,1.1702775758876678,1027.6754652782759,1015.8647485191225,28965.78285182363,2.8897686180606548,28908.382051469252,40000.0,68908.38205146925,-3.984869674725315,0.0,0.05372574926571165,0.05372574926571165,1.2,1.2537257492657117,1.2537257492657117,5.884,0.03922666666666667,0.7869262832655146,0.4203520963558312,0.4203520963558312,True,1.1702775758876678,0.6702775758876678,0.0,-0.5,2.5634943895464017,1.0,0.0,0.4203520963558312,0.00913082074536228,0.04285287216696156,PASS,NONE,INSUFFICIENT_NATURAL_CIRCULATION,1,True,False,True,RETROFIT_ASSIST,HYBRID_RETROFIT_ASSIST,False,True,stage_2_candidates
5.0,24.0,100.0,1.0,125.0,175.0,2,150.0,30.0,40.0,0.045,0.85,0.82,1252.1913348359628,1.223076475529745,1252.1913348359628,1.223076475529745,0.77863466743989,1027.6754652782759,1019.9337560398063,13290.579335142556,1.3232985108946311,3436.0520424697347,40000.0,43436.05204246973,-3.001483843397329,0.0,0.05395641733471587,0.05395641733471587,1.2,1.2539564173347157,1.2539564173347157,5.884,0.03922666666666667,0.7868870806705106,0.3059803713778511,0.3059803713778511,True,0.77863466743989,0.27863466743988996,0.0,-0.5,3.852898060477891,1.0,0.0,0.3059803713778511,0.009170023340366396,0.04302894150771223,PASS,NONE,INSUFFICIENT_NATURAL_CIRCULATION,1,True,False,True,RETROFIT_ASSIST,HYBRID_RETROFIT_ASSIST,False,True,stage_2_candidates
5.0,24.0,600.0,1.0,750.0,250.0,2,150.0,30.0,40.0,0.045,0.85,0.82,1252.1913348359628,1.223076475529745,1252.1913348359628,1.223076475529745,0.77863466743989,1027.6754652782759,1019.9337560398063,18986.54190734651,1.8904264441351875,9281.042762902103,40000.0,49281.0427629021,-3.0163220774320636,0.0,0.054223158050262114,0.054223158050262114,1.2,1.254223158050262,1.254223158050262,5.884,0.03922666666666667,0.7868417474421716,0.38527070132613433,0.38527070132613433,True,0.77863466743989,0.27863466743988996,0.0,-0.5,3.852898060477891,1.0,0.0,0.38527070132613433,0.009215356568705322,0.043232464416104455,PASS,NONE,INSUFFICIENT_NATURAL_CIRCULATION,1,True,False,True,RETROFIT_ASSIST,HYBRID_RETROFIT_ASSIST,False,True,stage_2_candidates
5.0,24.0,300.0,1.0,375.0,175.0,2,150.0,30.0,40.0,0.045,0.85,0.82,1252.1913348359628,1.223076475529745,1252.1913348359628,1.223076475529745,0.77863466743989,1027.6754652782759,1019.9337560398063,13290.579335142556,1.3232985108946311,5523.548728338438,40000.0,45523.548728338435,-3.2093289031385046,0.0,0.05769276087993389,0.05769276087993389,1.2,1.2576927608799338,1.2576927608799338,5.884,0.03922666666666667,0.7862520800679922,0.29194954493671016,0.29194954493671016,True,0.77863466743989,0.27863466743988996,0.0,-0.5,3.852898060477891,1.0,0.0,0.29194954493671016,0.009805023942884754,0.04587190343655127,PASS,NONE,INSUFFICIENT_NATURAL_CIRCULATION,1,True,False,True,RETROFIT_ASSIST,HYBRID_RETROFIT_ASSIST,False,True,stage_2_candidates
5.0,24.0,30.0,1.0,50.0,250.0,1,150.0,30.0,40.0,0.045,0.85,0.82,1252.1913348359628,1.223076475529745,1252.1913348359628,1.223076475529745,1.55726933487978,1027.6754652782759,1019.9337560398063,18986.54190734651,1.8904264441351875,12931.779593394645,40000.0,52931.77959339465,-3.3798137273923436,0.0,0.060757495126933514,0.060757495126933514,1.2,1.2607574951269336,1.2607574951269336,5.884,0.03922666666666667,0.785731221086517,0.358698348198288,0.358698348198288,True,1.55726933487978,1.05726933487978,0.0,-0.5,1.9264490302389454,1.0,0.0,0.358698348198288,0.010325882924359877,0.0481912622861833,PASS,NONE,INSUFFICIENT_NATURAL_CIRCULATION,1,True,False,True,RETROFIT_ASSIST,HYBRID_RETROFIT_ASSIST,False,True,stage_2_candidates
5.0,24.0,1000.0,1.0,1250.0,250.0,2,150.0,30.0,40.0,0.045,0.85,0.82,1252.1913348359628,1.223076475529745,1252.1913348359628,1.223076475529745,0.77863466743989,1027.6754652782759,1019.9337560398063,18986.54190734651,1.8904264441351875,13456.03613463951,40000.0,53456.03613463951,-3.4320121969144135,0.0,0.061695845140698154,0.061695845140698154,1.2,1.261695845140698,1.261695845140698,5.884,0.03922666666666667,0.7855717462371349,0.35518050495785325,0.35518050495785325,True,0.77863466743989,0.27863466743988996,0.0,-0.5,3.852898060477891,1.0,0.0,0.35518050495785325,0.010485357773742038,0.04889914267239117,PASS,NONE,INSUFFICIENT_NATURAL_CIRCULATION,1,True,False,True,RETROFIT_ASSIST,HYBRID_RETROFIT_ASSIST,False,True,stage_2_candidates
5.0,24.0,600.0,1.0,750.0,175.0,2,150.0,30.0,40.0,0.045,0.85,0.82,1252.1913348359628,1.223076475529745,1252.1913348359628,1.223076475529745,0.77863466743989,1027.6754652782759,1019.9337560398063,13290.579335142556,1.3232985108946311,8654.793757141491,40000.0,48654.793757141495,-3.521096492750268,0.0,0.06329727619776095,0.06329727619776095,1.2,1.2632972761977608,1.2632972761977608,5.884,0.03922666666666667,0.7852995791642146,0.2731607372848391,0.2731607372848391,True,0.77863466743989,0.27863466743988996,0.0,-0.5,3.852898060477891,1.0,0.0,0.2731607372848391,0.010757524846662295,0.05010481490807249,PASS,NONE,INSUFFICIENT_NATURAL_CIRCULATION,1,True,False,True,RETROFIT_ASSIST,HYBRID_RETROFIT_ASSIST,False,True,stage_2_candidates
5.0,24.0,1000.0,1.0,1250.0,175.0,1,150.0,40.0,40.0,0.045,0.85,0.82,939.1435011269722,0.9191338587673922,939.1435011269722,0.9191338587673922,1.1702775758876678,1027.6754652782759,1015.8647485191225,20276.047996276542,2.0228380326424586,27567.915312339886,40000.0,67567.91531233989,-4.718068721241007,0.0,0.06361105828467632,0.06361105828467632,1.2,1.2636110582846765,1.2636110582846765,5.884,0.03922666666666667,0.7852462511412854,0.3000839659259628,0.3000839659259628,True,1.1702775758876678,0.6702775758876678,0.0,-0.5,2.5634943895464017,1.0,0.0,0.3000839659259628,0.01081085286959149,0.050340694525914415,PASS,NONE,INSUFFICIENT_NATURAL_CIRCULATION,1,True,False,True,RETROFIT_ASSIST,HYBRID_RETROFIT_ASSIST,False,True,stage_2_candidates
5.0,24.0,100.0,1.0,125.0,250.0,1,150.0,30.0,40.0,0.045,0.85,0.82,1252.1913348359628,1.223076475529745,1252.1913348359628,1.223076475529745,1.55726933487978,1027.6754652782759,1019.9337560398063,18986.54190734651,1.8904264441351875,15233.668472316014,40000.0,55233.668472316014,-3.609005100387438,0.0,0.06487757240072706,0.06487757240072706,1.2,1.264877572400727,1.264877572400727,5.884,0.03922666666666667,0.7850310040107533,0.34374942734181896,0.34374942734181896,True,1.55726933487978,1.05726933487978,0.0,-0.5,1.9264490302389454,1.0,0.0,0.34374942734181896,0.011026100000123567,0.051291582534418706,PASS,NONE,INSUFFICIENT_NATURAL_CIRCULATION,1,True,False,True,RETROFIT_ASSIST,HYBRID_RETROFIT_ASSIST,False,True,stage_2_candidates
5.0,24.0,30.0,1.0,50.0,175.0,1,150.0,30.0,40.0,0.045,0.85,0.82,1252.1913348359628,1.223076475529745,1252.1913348359628,1.223076475529745,1.55726933487978,1027.6754652782759,1019.9337560398063,13290.579335142556,1.3232985108946311,10629.890714473277,40000.0,50629.89071447328,-3.7177502876378057,0.0,0.06683243906420418,0.06683243906420418,1.2,1.2668324390642043,1.2668324390642043,5.884,0.03922666666666667,0.7846987697035682,0.26250460247079405,0.26250460247079405,True,1.55726933487978,1.05726933487978,0.0,-0.5,1.9264490302389454,1.0,0.0,0.26250460247079405,0.011358334307308664,0.05275554761888841,PASS,NONE,INSUFFICIENT_NATURAL_CIRCULATION,1,True,False,True,RETROFIT_ASSIST,HYBRID_RETROFIT_ASSIST,False,True,stage_2_candidates
5.0,24.0,1000.0,1.0,1250.0,175.0,2,150.0,30.0,40.0,0.045,0.85,0.82,1252.1913348359628,1.223076475529745,1252.1913348359628,1.223076475529745,0.77863466743989,1027.6754652782759,1019.9337560398063,13290.579335142556,1.3232985108946311,12829.787128878897,40000.0,52829.787128878896,-3.936786612232617,0.0,0.07076996328819697,0.07076996328819697,1.2,1.270769963288197,1.270769963288197,5.884,0.03922666666666667,0.7840295779591779,0.25157359242656097,0.25157359242656097,True,0.77863466743989,0.27863466743988996,0.0,-0.5,3.852898060477891,1.0,0.0,0.25157359242656097,0.01202752605169901,0.05569061697451146,PASS,NONE,INSUFFICIENT_NATURAL_CIRCULATION,1,True,False,True,RETROFIT_ASSIST,HYBRID_RETROFIT_ASSIST,False,True,stage_2_candidates
5.0,24.0,100.0,1.0,125.0,175.0,1,150.0,30.0,40.0,0.045,0.85,0.82,1252.1913348359628,1.223076475529745,1252.1913348359628,1.223076475529745,1.55726933487978,1027.6754652782759,1019.9337560398063,13290.579335142556,1.3232985108946311,12931.779593394645,40000.0,52931.77959339465,-3.9469416606329,0.0,0.07095251633799773,0.07095251633799773,1.2,1.2709525163379978,1.2709525163379978,5.884,0.03922666666666667,0.7839985526278045,0.25108884373880164,0.25108884373880164,True,1.55726933487978,1.05726933487978,0.0,-0.5,1.9264490302389454,1.0,0.0,0.25108884373880164,0.012058551383072354,0.05582625269308534,PASS,NONE,INSUFFICIENT_NATURAL_CIRCULATION,1,True,False,True,RETROFIT_ASSIST,HYBRID_RETROFIT_ASSIST,False,True,stage_2_candidates
5.0,24.0,300.0,1.0,375.0,250.0,1,150.0,30.0,40.0,0.045,0.85,0.82,1252.1913348359628,1.223076475529745,1252.1913348359628,1.223076475529745,1.55726933487978,1027.6754652782759,1019.9337560398063,18986.54190734651,1.8904264441351875,22906.631402053918,40000.0,62906.631402053914,-4.372976343704423,0.0,0.07861116331337227,0.07861116331337227,1.2,1.2786111633133723,1.2786111633133723,5.884,0.03922666666666667,0.7826969470915411,0.3018209922257353,0.3018209922257353,True,1.55726933487978,1.05726933487978,0.0,-0.5,1.9264490302389454,1.0,0.0,0.3018209922257353,0.013360156919335871,0.06148168072431072,PASS,NONE,INSUFFICIENT_NATURAL_CIRCULATION,1,True,False,True,RETROFIT_ASSIST,HYBRID_RETROFIT_ASSIST,False,True,stage_2_candidates
5.0,24.0,1000.0,1.0,1250.0,250.0,1,200.0,30.0,40.0,0.045,0.85,0.82,1669.5884464479507,1.63076863403966,1669.5884464479507,1.63076863403966,2.07635911317304,1027.6754652782759,1019.9337560398063,18986.54190734651,1.8904264441351875,86115.65855985717,40000.0,126115.65855985717,-10.66648766505437,0.0,0.25566263887213203,0.25566263887213203,1.6,1.855662638872132,1.855662638872132,8.512,0.04256,0.7819945208091951,0.1505486481548609,0.1505486481548609,True,2.07635911317304,0.9236408868269601,0.0,-0.5,1.444836772679209,1.0,0.0,0.1505486481548609,0.03003555437877491,0.13777430957359968,PASS,NONE,INSUFFICIENT_NATURAL_CIRCULATION,1,True,False,True,RETROFIT_ASSIST,HYBRID_RETROFIT_ASSIST,False,True,stage_2_candidates
5.0,24.0,300.0,1.0,375.0,175.0,1,150.0,30.0,40.0,0.045,0.85,0.82,1252.1913348359628,1.223076475529745,1252.1913348359628,1.223076475529745,1.55726933487978,1027.6754652782759,1019.9337560398063,13290.579335142556,1.3232985108946311,20604.742523132547,40000.0,60604.74252313255,-4.710912903949883,0.0,0.08468610725064292,0.08468610725064292,1.2,1.284686107250643,1.284686107250643,5.884,0.03922666666666667,0.7816644957085923,0.21929932843241773,0.21929932843241773,True,1.55726933487978,1.05726933487978,0.0,-0.5,1.9264490302389454,1.0,0.0,0.21929932843241773,0.014392608302284657,0.06591968790872946,PASS,NONE,INSUFFICIENT_NATURAL_CIRCULATION,1,True,False,True,RETROFIT_ASSIST,HYBRID_RETROFIT_ASSIST,False,True,stage_2_candidates
5.0,24.0,1000.0,1.0,1250.0,175.0,1,200.0,30.0,40.0,0.045,0.85,0.82,1669.5884464479507,1.63076863403966,1669.5884464479507,1.63076863403966,2.07635911317304,1027.6754652782759,1019.9337560398063,13290.579335142556,1.3232985108946311,82140.91777210514,40000.0,122140.91777210514,-10.837863958506231,0.0,0.2597703186257564,0.2597703186257564,1.6,1.8597703186257564,1.8597703186257564,8.512,0.04256,0.7815119456501696,0.10881348836710554,0.10881348836710554,True,2.07635911317304,0.9236408868269601,0.0,-0.5,1.444836772679209,1.0,0.0,0.10881348836710554,0.030518129537800323,0.13967870979772865,PASS,NONE,INSUFFICIENT_NATURAL_CIRCULATION,1,True,False,True,RETROFIT_ASSIST,HYBRID_RETROFIT_ASSIST,False,True,stage_2_candidates
5.0,24.0,600.0,1.0,750.0,250.0,1,150.0,30.0,40.0,0.045,0.85,0.82,1252.1913348359628,1.223076475529745,1252.1913348359628,1.223076475529745,1.55726933487978,1027.6754652782759,1019.9337560398063,18986.54190734651,1.8904264441351875,34416.07579666076,40000.0,74416.07579666076,-5.518933208679897,0.0,0.09921154968234004,0.09921154968234004,1.2,1.2992115496823402,1.2992115496823402,5.884,0.03922666666666667,0.7791958617127227,0.2551403269264903,0.2551403269264903,True,1.55726933487978,1.05726933487978,0.0,-0.5,1.9264490302389454,1.0,0.0,0.2551403269264903,0.016861242298154326,0.0763628907906472,PASS,NONE,INSUFFICIENT_NATURAL_CIRCULATION,1,True,False,True,RETROFIT_ASSIST,HYBRID_RETROFIT_ASSIST,False,True,stage_2_candidates
5.0,24.0,600.0,1.0,750.0,175.0,1,150.0,30.0,40.0,0.045,0.85,0.82,1252.1913348359628,1.223076475529745,1252.1913348359628,1.223076475529745,1.55726933487978,1027.6754652782759,1019.9337560398063,13290.579335142556,1.3232985108946311,32114.186917739396,40000.0,72114.1869177394,-5.8568697689253595,0.0,0.10528649361961073,0.10528649361961073,1.2,1.3052864936196107,1.3052864936196107,5.884,0.03922666666666667,0.7781634103297739,0.1842990943003089,0.1842990943003089,True,1.55726933487978,1.05726933487978,0.0,-0.5,1.9264490302389454,1.0,0.0,0.1842990943003089,0.017893693681103114,0.08066159738437739,PASS,NONE,INSUFFICIENT_NATURAL_CIRCULATION,1,True,False,True,RETROFIT_ASSIST,HYBRID_RETROFIT_ASSIST,False,True,stage_2_candidates
5.0,24.0,1000.0,1.0,1250.0,250.0,1,150.0,30.0,40.0,0.045,0.85,0.82,1252.1913348359628,1.223076475529745,1252.1913348359628,1.223076475529745,1.55726933487978,1027.6754652782759,1019.9337560398063,18986.54190734651,1.8904264441351875,49762.001656136556,40000.0,89762.00165613656,-7.046875695313865,0.0,0.12667873150763043,0.12667873150763043,1.2,1.3266787315076305,1.3266787315076305,5.884,0.03922666666666667,0.7745277478742979,0.2115209281994493,0.2115209281994493,True,1.55726933487978,1.05726933487978,0.0,-0.5,1.9264490302389454,1.0,0.0,0.2115209281994493,0.02152935613657893,0.0954856126800747,PASS,NONE,INSUFFICIENT_NATURAL_CIRCULATION,1,True,False,True,RETROFIT_ASSIST,HYBRID_RETROFIT_ASSIST,False,True,stage_2_candidates
5.0,24.0,30.0,1.0,50.0,250.0,1,100.0,40.0,40.0,0.045,0.85,0.82,626.0956674179814,0.6127559058449281,626.0956674179814,0.6127559058449281,0.7801850505917786,1027.6754652782759,1015.8647485191225,28965.78285182363,2.8897686180606548,3442.893758384046,40000.0,43442.893758384045,-1.4443076160576838,0.0,0.012981856401317438,0.012981856401317438,0.8,0.8129818564013174,0.8129818564013174,3.5893333333333337,0.03589333333333333,0.7735005972136003,0.6667553734546867,0.6667553734546867,True,0.7801850505917786,0.28018505059177856,0.0,-0.5,3.845241584319603,1.0,0.0,0.6667553734546867,0.0036167876303819014,0.0159681994119548,PASS,NONE,INSUFFICIENT_NATURAL_CIRCULATION,1,True,False,True,RETROFIT_ASSIST,HYBRID_RETROFIT_ASSIST,False,True,stage_2_candidates
5.0,24.0,1000.0,1.0,1250.0,175.0,1,150.0,30.0,40.0,0.045,0.85,0.82,1252.1913348359628,1.223076475529745,1252.1913348359628,1.223076475529745,1.55726933487978,1027.6754652782759,1019.9337560398063,13290.579335142556,1.3232985108946311,47460.11277721519,40000.0,87460.1127772152,-7.384812255559327,0.0,0.1327536754449011,0.1327536754449011,1.2,1.332753675444901,1.332753675444901,5.884,0.03922666666666667,0.7734952964913493,0.1519616075615783,0.1519616075615783,True,1.55726933487978,1.05726933487978,0.0,-0.5,1.9264490302389454,1.0,0.0,0.1519616075615783,0.02256180751952772,0.09960856074967128,PASS,NONE,INSUFFICIENT_NATURAL_CIRCULATION,1,True,False,True,RETROFIT_ASSIST,HYBRID_RETROFIT_ASSIST,False,True,stage_2_candidates
5.0,24.0,100.0,1.0,125.0,250.0,1,100.0,40.0,40.0,0.045,0.85,0.82,626.0956674179814,0.6127559058449281,626.0956674179814,0.6127559058449281,0.7801850505917786,1027.6754652782759,1015.8647485191225,28965.78285182363,2.8897686180606548,4070.3897236598436,40000.0,44070.38972365984,-1.5069096923657823,0.0,0.01354454204807345,0.01354454204807345,0.8,0.8135445420480735,0.8135445420480735,3.5893333333333337,0.03589333333333333,0.7733438311530256,0.6572617812878773,0.6572617812878773,True,0.7801850505917786,0.28018505059177856,0.0,-0.5,3.845241584319603,1.0,0.0,0.6572617812878773,0.0037735536909565704,0.016648802060641302,PASS,NONE,INSUFFICIENT_NATURAL_CIRCULATION,1,True,False,True,RETROFIT_ASSIST,HYBRID_RETROFIT_ASSIST,False,True,stage_2_candidates
5.0,24.0,300.0,1.0,375.0,250.0,1,100.0,40.0,40.0,0.045,0.85,0.82,626.0956674179814,0.6127559058449281,626.0956674179814,0.6127559058449281,0.7801850505917786,1027.6754652782759,1015.8647485191225,28965.78285182363,2.8897686180606548,6162.042941245836,40000.0,46162.04294124583,-1.7155832800594442,0.0,0.015420160870593492,0.015420160870593492,0.8,0.8154201608705935,0.8154201608705935,3.5893333333333337,0.03589333333333333,0.7728212776177767,0.6274805230931986,0.6274805230931986,True,0.7801850505917786,0.28018505059177856,0.0,-0.5,3.845241584319603,1.0,0.0,0.6274805230931986,0.004296107226205468,0.018910693665128375,PASS,NONE,INSUFFICIENT_NATURAL_CIRCULATION,1,True,False,True,RETROFIT_ASSIST,HYBRID_RETROFIT_ASSIST,False,True,stage_2_candidates
5.0,24.0,600.0,1.0,750.0,250.0,1,100.0,40.0,40.0,0.045,0.85,0.82,626.0956674179814,0.6127559058449281,626.0956674179814,0.6127559058449281,0.7801850505917786,1027.6754652782759,1015.8647485191225,28965.78285182363,2.8897686180606548,9299.522767624821,40000.0,49299.52276762482,-2.028593661599938,0.0,0.018233589104373553,0.018233589104373553,0.8,0.8182335891043736,0.8182335891043736,3.5893333333333337,0.03589333333333333,0.7720374473149034,0.5875469218709267,0.5875469218709267,True,0.7801850505917786,0.28018505059177856,0.0,-0.5,3.845241584319603,1.0,0.0,0.5875469218709267,0.005079937529078813,0.022284087755834823,PASS,NONE,INSUFFICIENT_NATURAL_CIRCULATION,1,True,False,True,RETROFIT_ASSIST,HYBRID_RETROFIT_ASSIST,False,True,stage_2_candidates
5.0,24.0,30.0,1.0,50.0,175.0,1,100.0,40.0,40.0,0.045,0.85,0.82,626.0956674179814,0.6127559058449281,626.0956674179814,0.6127559058449281,0.7801850505917786,1027.6754652782759,1015.8647485191225,20276.047996276542,2.0228380326424586,2815.3977931082486,40000.0,42815.39779310825,-2.2486361251677813,0.0,0.020211394685726795,0.020211394685726795,0.8,0.8202113946857268,0.8202113946857268,3.5893333333333337,0.03589333333333333,0.7714864242146006,0.4735690672373074,0.4735690672373074,True,0.7801850505917786,0.28018505059177856,0.0,-0.5,3.845241584319603,1.0,0.0,0.4735690672373074,0.005630960629381536,0.0246416897115542,PASS,NONE,INSUFFICIENT_NATURAL_CIRCULATION,1,True,False,True,RETROFIT_ASSIST,HYBRID_RETROFIT_ASSIST,False,True,stage_2_candidates
5.0,24.0,100.0,1.0,125.0,175.0,1,100.0,40.0,40.0,0.045,0.85,0.82,626.0956674179814,0.6127559058449281,626.0956674179814,0.6127559058449281,0.7801850505917786,1027.6754652782759,1015.8647485191225,20276.047996276542,2.0228380326424586,3442.893758384046,40000.0,43442.893758384045,-2.31123820147588,0.0,0.020774080332482805,0.020774080332482805,0.8,0.8207740803324828,0.8207740803324828,3.5893333333333337,0.03589333333333333,0.771329658154026,0.4667287614182807,0.4667287614182807,True,0.7801850505917786,0.28018505059177856,0.0,-0.5,3.845241584319603,1.0,0.0,0.4667287614182807,0.005787726689956205,0.025310351325991614,PASS,NONE,INSUFFICIENT_NATURAL_CIRCULATION,1,True,False,True,RETROFIT_ASSIST,HYBRID_RETROFIT_ASSIST,False,True,stage_2_candidates
5.0,24.0,1000.0,1.0,1250.0,250.0,1,100.0,40.0,40.0,0.045,0.85,0.82,626.0956674179814,0.6127559058449281,626.0956674179814,0.6127559058449281,0.7801850505917786,1027.6754652782759,1015.8647485191225,28965.78285182363,2.8897686180606548,13482.829202796805,40000.0,53482.829202796805,-2.4459408369872624,0.0,0.021984826749413645,0.021984826749413645,0.8,0.8219848267494136,0.8219848267494136,3.5893333333333337,0.03589333333333333,0.7709923402444055,0.5415903250366738,0.5415903250366738,True,0.7801850505917786,0.28018505059177856,0.0,-0.5,3.845241584319603,1.0,0.0,0.5415903250366738,0.006125044599576609,0.02674602502865401,PASS,NONE,INSUFFICIENT_NATURAL_CIRCULATION,1,True,False,True,RETROFIT_ASSIST,HYBRID_RETROFIT_ASSIST,False,True,stage_2_candidates
5.0,24.0,300.0,1.0,375.0,175.0,1,100.0,40.0,40.0,0.045,0.85,0.82,626.0956674179814,0.6127559058449281,626.0956674179814,0.6127559058449281,0.7801850505917786,1027.6754652782759,1015.8647485191225,20276.047996276542,2.0228380326424586,5534.546975970037,40000.0,45534.546975970035,-2.5199117891695417,0.0,0.022649699155002846,0.022649699155002846,0.8,0.8226496991550029,0.8226496991550029,3.5893333333333337,0.03589333333333333,0.7708071046187771,0.4452893317897031,0.4452893317897031,True,0.7801850505917786,0.28018505059177856,0.0,-0.5,3.845241584319603,1.0,0.0,0.4452893317897031,0.006310280225205102,0.02753261707658537,PASS,NONE,INSUFFICIENT_NATURAL_CIRCULATION,1,True,False,True,RETROFIT_ASSIST,HYBRID_RETROFIT_ASSIST,False,True,stage_2_candidates
5.0,24.0,600.0,1.0,750.0,175.0,1,100.0,40.0,40.0,0.045,0.85,0.82,626.0956674179814,0.6127559058449281,626.0956674179814,0.6127559058449281,0.7801850505917786,1027.6754652782759,1015.8647485191225,20276.047996276542,2.0228380326424586,8672.026802349024,40000.0,48672.02680234902,-2.8329221707100345,0.0,0.025463127388782907,0.025463127388782907,0.8,0.8254631273887829,0.8254631273887829,3.5893333333333337,0.03589333333333333,0.7700232743159038,0.4165852406067868,0.4165852406067868,True,0.7801850505917786,0.28018505059177856,0.0,-0.5,3.845241584319603,1.0,0.0,0.4165852406067868,0.007094110528078447,0.030847080316393213,PASS,NONE,INSUFFICIENT_NATURAL_CIRCULATION,1,True,False,True,RETROFIT_ASSIST,HYBRID_RETROFIT_ASSIST,False,True,stage_2_candidates
5.0,24.0,30.0,1.0,50.0,250.0,2,100.0,30.0,40.0,0.045,0.85,0.82,834.7942232239753,0.81538431701983,834.7942232239753,0.81538431701983,0.51908977829326,1027.6754652782759,1019.9337560398063,18986.54190734651,1.8904264441351875,1594.1207134936844,40000.0,41594.120713493685,-2.2509609712800898,0.0,0.026976388103886292,0.026976388103886292,0.8,0.8269763881038863,0.8269763881038863,3.5893333333333337,0.03589333333333333,0.76960167493391,0.4564717700880986,0.4564717700880986,True,0.51908977829326,0.019089778293259974,0.0,-0.5,5.779347090716836,1.0,0.0,0.4564717700880986,0.007515709910072332,0.03262050584749884,PASS,NONE,INSUFFICIENT_NATURAL_CIRCULATION,1,True,False,True,RETROFIT_ASSIST,HYBRID_RETROFIT_ASSIST,False,True,stage_2_candidates
5.0,24.0,100.0,1.0,125.0,250.0,2,100.0,30.0,40.0,0.045,0.85,0.82,834.7942232239753,0.81538431701983,834.7942232239753,0.81538431701983,0.51908977829326,1027.6754652782759,1019.9337560398063,18986.54190734651,1.8904264441351875,1889.200223041851,40000.0,41889.20022304185,-2.2803410506381145,0.0,0.027328490354168455,0.027328490354168455,0.8,0.8273284903541684,0.8273284903541684,3.5893333333333337,0.03589333333333333,0.7695035780959782,0.4532562523574429,0.4532562523574429,True,0.51908977829326,0.019089778293259974,0.0,-0.5,5.779347090716836,1.0,0.0,0.4532562523574429,0.007613806748003841,0.03303221232290633,PASS,NONE,INSUFFICIENT_NATURAL_CIRCULATION,1,True,False,True,RETROFIT_ASSIST,HYBRID_RETROFIT_ASSIST,False,True,stage_2_candidates
5.0,24.0,300.0,1.0,375.0,250.0,2,100.0,30.0,40.0,0.045,0.85,0.82,834.7942232239753,0.81538431701983,834.7942232239753,0.81538431701983,0.51908977829326,1027.6754652782759,1019.9337560398063,18986.54190734651,1.8904264441351875,2872.798588202406,40000.0,42872.79858820241,-2.3782746484981954,0.0,0.028502164521775668,0.028502164521775668,0.8,0.8285021645217757,0.8285021645217757,3.5893333333333337,0.03589333333333333,0.7691765886362066,0.4428575351405019,0.4428575351405019,True,0.51908977829326,0.019089778293259974,0.0,-0.5,5.779347090716836,1.0,0.0,0.4428575351405019,0.007940796207775538,0.034402039900798036,PASS,NONE,INSUFFICIENT_NATURAL_CIRCULATION,1,True,False,True,RETROFIT_ASSIST,HYBRID_RETROFIT_ASSIST,False,True,stage_2_candidates
5.0,24.0,1000.0,1.0,1250.0,175.0,1,100.0,40.0,40.0,0.045,0.85,0.82,626.0956674179814,0.6127559058449281,626.0956674179814,0.6127559058449281,0.7801850505917786,1027.6754652782759,1015.8647485191225,20276.047996276542,2.0228380326424586,12855.333237521008,40000.0,52855.33323752101,-3.25026934609736,0.0,0.029214365033823003,0.029214365033823003,0.8,0.829214365033823,0.829214365033823,3.5893333333333337,0.03589333333333333,0.7689781672454059,0.3836140414659794,0.3836140414659794,True,0.7801850505917786,0.28018505059177856,0.0,-0.5,3.845241584319603,1.0,0.0,0.3836140414659794,0.008139217598576245,0.03523137835730978,PASS,NONE,INSUFFICIENT_NATURAL_CIRCULATION,1,True,False,True,RETROFIT_ASSIST,HYBRID_RETROFIT_ASSIST,False,True,stage_2_candidates
5.0,24.0,600.0,1.0,750.0,250.0,2,100.0,30.0,40.0,0.045,0.85,0.82,834.7942232239753,0.81538431701983,834.7942232239753,0.81538431701983,0.51908977829326,1027.6754652782759,1019.9337560398063,18986.54190734651,1.8904264441351875,4348.196135943239,40000.0,44348.19613594324,-2.5251750452883175,0.0,0.030262675773186483,0.030262675773186483,0.8,0.8302626757731865,0.8302626757731865,3.5893333333333337,0.03589333333333333,0.7686861044465491,0.4281243333809091,0.4281243333809091,True,0.51908977829326,0.019089778293259974,0.0,-0.5,5.779347090716836,1.0,0.0,0.4281243333809091,0.008431280397433084,0.03644951971977327,PASS,NONE,INSUFFICIENT_NATURAL_CIRCULATION,1,True,False,True,RETROFIT_ASSIST,HYBRID_RETROFIT_ASSIST,False,True,stage_2_candidates
5.0,24.0,30.0,1.0,50.0,250.0,1,100.0,30.0,40.0,0.045,0.85,0.82,834.7942232239753,0.81538431701983,834.7942232239753,0.81538431701983,1.03817955658652,1027.6754652782759,1019.9337560398063,18986.54190734651,1.8904264441351875,5944.56128347749,40000.0,45944.56128347749,-2.684119781202909,0.0,0.032167531049581324,0.032167531049581324,0.8,0.8321675310495814,0.8321675310495814,3.5893333333333337,0.03589333333333333,0.7681554055396783,0.4132489543256216,0.4132489543256216,True,1.03817955658652,0.53817955658652,0.0,-0.5,2.889673545358418,1.0,0.0,0.4132489543256216,0.00896197930430386,0.038655114324166955,PASS,NONE,INSUFFICIENT_NATURAL_CIRCULATION,1,True,False,True,RETROFIT_ASSIST,HYBRID_RETROFIT_ASSIST,False,True,stage_2_candidates
5.0,24.0,1000.0,1.0,1250.0,250.0,2,100.0,30.0,40.0,0.045,0.85,0.82,834.7942232239753,0.81538431701983,834.7942232239753,0.81538431701983,0.51908977829326,1027.6754652782759,1019.9337560398063,18986.54190734651,1.8904264441351875,6315.392866264348,40000.0,46315.392866264345,-2.721042241008479,0.0,0.032610024108400894,0.032610024108400894,0.8,0.8326100241084009,0.8326100241084009,3.5893333333333337,0.03589333333333333,0.7680321255270056,0.40994021063731734,0.40994021063731734,True,0.51908977829326,0.019089778293259974,0.0,-0.5,5.779347090716836,1.0,0.0,0.40994021063731734,0.009085259316976475,0.03916602390575502,PASS,NONE,INSUFFICIENT_NATURAL_CIRCULATION,1,True,False,True,RETROFIT_ASSIST,HYBRID_RETROFIT_ASSIST,False,True,stage_2_candidates
5.0,24.0,30.0,1.0,50.0,175.0,2,100.0,30.0,40.0,0.045,0.85,0.82,834.7942232239753,0.81538431701983,834.7942232239753,0.81538431701983,0.51908977829326,1027.6754652782759,1019.9337560398063,13290.579335142556,1.3232985108946311,1299.041203945518,40000.0,41299.04120394552,-2.7887088251626224,0.0,0.033420966660980274,0.033420966660980274,0.8,0.8334209666609802,0.8334209666609802,3.5893333333333337,0.03589333333333333,0.7678061942809306,0.321813266063737,0.321813266063737,True,0.51908977829326,0.019089778293259974,0.0,-0.5,5.779347090716836,1.0,0.0,0.321813266063737,0.00931119056305171,0.04010094297828637,PASS,NONE,INSUFFICIENT_NATURAL_CIRCULATION,1,True,False,True,RETROFIT_ASSIST,HYBRID_RETROFIT_ASSIST,False,True,stage_2_candidates
5.0,24.0,100.0,1.0,125.0,250.0,1,100.0,30.0,40.0,0.045,0.85,0.82,834.7942232239753,0.81538431701983,834.7942232239753,0.81538431701983,1.03817955658652,1027.6754652782759,1019.9337560398063,18986.54190734651,1.8904264441351875,7016.898929045844,40000.0,47016.89892904584,-2.7908888522700157,0.0,0.03344709295018582,0.03344709295018582,0.8,0.8334470929501857,0.8334470929501857,3.5893333333333337,0.03589333333333333,0.7677989154113524,0.4038237812323498,0.4038237812323498,True,1.03817955658652,0.53817955658652,0.0,-0.5,2.889673545358418,1.0,0.0,0.4038237812323498,0.009318469432629779,0.040131033191071336,PASS,NONE,INSUFFICIENT_NATURAL_CIRCULATION,1,True,False,True,RETROFIT_ASSIST,HYBRID_RETROFIT_ASSIST,False,True,stage_2_candidates
5.0,24.0,100.0,1.0,125.0,175.0,2,100.0,30.0,40.0,0.045,0.85,0.82,834.7942232239753,0.81538431701983,834.7942232239753,0.81538431701983,0.51908977829326,1027.6754652782759,1019.9337560398063,13290.579335142556,1.3232985108946311,1594.1207134936844,40000.0,41594.120713493685,-2.8180889045206463,0.0,0.03377306891126244,0.03377306891126244,0.8,0.8337730689112625,0.8337730689112625,3.5893333333333337,0.03589333333333333,0.767708097442999,0.319530239061669,0.319530239061669,True,0.51908977829326,0.019089778293259974,0.0,-0.5,5.779347090716836,1.0,0.0,0.319530239061669,0.00940928740098322,0.040506308215691324,PASS,NONE,INSUFFICIENT_NATURAL_CIRCULATION,1,True,False,True,RETROFIT_ASSIST,HYBRID_RETROFIT_ASSIST,False,True,stage_2_candidates
5.0,24.0,300.0,1.0,375.0,175.0,2,100.0,30.0,40.0,0.045,0.85,0.82,834.7942232239753,0.81538431701983,834.7942232239753,0.81538431701983,0.51908977829326,1027.6754652782759,1019.9337560398063,13290.579335142556,1.3232985108946311,2577.719078654239,40000.0,42577.71907865424,-2.916022502380728,0.0,0.03494674307886965,0.03494674307886965,0.8,0.8349467430788696,0.8349467430788696,3.5893333333333337,0.03589333333333333,0.7673811079832272,0.312148692385112,0.312148692385112,True,0.51908977829326,0.019089778293259974,0.0,-0.5,5.779347090716836,1.0,0.0,0.312148692385112,0.009736276860754917,0.04185505646743814,PASS,NONE,INSUFFICIENT_NATURAL_CIRCULATION,1,True,False,True,RETROFIT_ASSIST,HYBRID_RETROFIT_ASSIST,False,True,stage_2_candidates
5.0,24.0,600.0,1.0,750.0,175.0,2,100.0,30.0,40.0,0.045,0.85,0.82,834.7942232239753,0.81538431701983,834.7942232239753,0.81538431701983,0.51908977829326,1027.6754652782759,1019.9337560398063,13290.579335142556,1.3232985108946311,4053.1166263950718,40000.0,44053.11662639507,-3.0629228991708493,0.0,0.03670725433028047,0.03670725433028047,0.8,0.8367072543302805,0.8367072543302805,3.5893333333333337,0.03589333333333333,0.7668906237935696,0.30169441694346116,0.30169441694346116,True,0.51908977829326,0.019089778293259974,0.0,-0.5,5.779347090716836,1.0,0.0,0.30169441694346116,0.010226761050412463,0.04387108411013096,PASS,NONE,INSUFFICIENT_NATURAL_CIRCULATION,1,True,False,True,RETROFIT_ASSIST,HYBRID_RETROFIT_ASSIST,False,True,stage_2_candidates
5.0,24.0,30.0,1.0,50.0,175.0,1,100.0,30.0,40.0,0.045,0.85,0.82,834.7942232239753,0.81538431701983,834.7942232239753,0.81538431701983,1.03817955658652,1027.6754652782759,1019.9337560398063,13290.579335142556,1.3232985108946311,4872.223637909136,40000.0,44872.223637909134,-3.1444786433763587,0.0,0.03768464995635297,0.03768464995635297,0.8,0.8376846499563531,0.8376846499563531,3.5893333333333337,0.03589333333333333,0.7666183181770934,0.29618722357931815,0.29618722357931815,True,1.03817955658652,0.53817955658652,0.0,-0.5,2.889673545358418,1.0,0.0,0.29618722357931815,0.010499066666888828,0.044986678409729135,PASS,NONE,INSUFFICIENT_NATURAL_CIRCULATION,1,True,False,True,RETROFIT_ASSIST,HYBRID_RETROFIT_ASSIST,False,True,stage_2_candidates
5.0,24.0,300.0,1.0,375.0,250.0,1,100.0,30.0,40.0,0.045,0.85,0.82,834.7942232239753,0.81538431701983,834.7942232239753,0.81538431701983,1.03817955658652,1027.6754652782759,1019.9337560398063,18986.54190734651,1.8904264441351875,10591.357747607024,40000.0,50591.35774760702,-3.1467857558270382,0.0,0.037712299285534136,0.037712299285534136,0.8,0.8377122992855341,0.8377122992855341,3.5893333333333337,0.03589333333333333,0.7666106149835993,0.3752921991551922,0.3752921991551922,True,1.03817955658652,0.53817955658652,0.0,-0.5,2.889673545358418,1.0,0.0,0.3752921991551922,0.010506769860382839,0.04501819934803166,PASS,NONE,INSUFFICIENT_NATURAL_CIRCULATION,1,True,False,True,RETROFIT_ASSIST,HYBRID_RETROFIT_ASSIST,False,True,stage_2_candidates
5.0,24.0,100.0,1.0,125.0,175.0,1,100.0,30.0,40.0,0.045,0.85,0.82,834.7942232239753,0.81538431701983,834.7942232239753,0.81538431701983,1.03817955658652,1027.6754652782759,1019.9337560398063,13290.579335142556,1.3232985108946311,5944.56128347749,40000.0,45944.56128347749,-3.2512477144434655,0.0,0.03896421185695747,0.03896421185695747,0.8,0.8389642118569576,0.8389642118569576,3.5893333333333337,0.03589333333333333,0.7662618280487674,0.2892742680279351,0.2892742680279351,True,1.03817955658652,0.53817955658652,0.0,-0.5,2.889673545358418,1.0,0.0,0.2892742680279351,0.010855556795214747,0.04644323477245156,PASS,NONE,INSUFFICIENT_NATURAL_CIRCULATION,1,True,False,True,RETROFIT_ASSIST,HYBRID_RETROFIT_ASSIST,False,True,stage_2_candidates
5.0,24.0,1000.0,1.0,1250.0,175.0,2,100.0,30.0,40.0,0.045,0.85,0.82,834.7942232239753,0.81538431701983,834.7942232239753,0.81538431701983,0.51908977829326,1027.6754652782759,1019.9337560398063,13290.579335142556,1.3232985108946311,6020.313356716182,40000.0,46020.313356716186,-3.2587900948910127,0.0,0.039054602665494896,0.039054602665494896,0.8,0.8390546026654949,0.8390546026654949,3.5893333333333337,0.03589333333333333,0.7662366448740264,0.2887981060042681,0.2887981060042681,True,0.51908977829326,0.019089778293259974,0.0,-0.5,5.779347090716836,1.0,0.0,0.2887981060042681,0.010880739969955857,0.0465459608247507,PASS,NONE,INSUFFICIENT_NATURAL_CIRCULATION,1,True,False,True,RETROFIT_ASSIST,HYBRID_RETROFIT_ASSIST,False,True,stage_2_candidates
5.536564117688484,20.20348915487016,244.03848289493527,1.1450923292923567,1406.0198288181998,152.11943898219434,1,131.3059611837876,28.323747060405637,11.167044780183776,0.02570165646096877,0.7331144003891721,0.7195902972595979,1161.005896966878,1.1338118865534965,1161.005896966878,1.1338118865534965,1.1009563823467143,1027.6111508194228,1020.3580242013901,10823.780625139256,1.0774982020818256,22482.759945671034,11167.044780183776,33649.80472585481,-2.272311383702032,0.0,0.04315858767975241,0.04315858767975241,1.0504476894703008,1.093606277150053,1.093606277150053,4.6682227461406365,0.03555225295222182,0.7657339127499494,0.32165953750164883,0.32165953750164883,True,1.1009563823467143,0.6009563823467143,0.0,-0.5,2.7249035911898973,1.0,0.0,0.32165953750164883,0.00924518602190372,0.03946446594310344,PASS,NONE,INSUFFICIENT_NATURAL_CIRCULATION,1,True,False,True,RETROFIT_ASSIST,HYBRID_RETROFIT_ASSIST,False,True,stage_2_candidates
5.0,24.0,300.0,1.0,375.0,175.0,1,100.0,30.0,40.0,0.045,0.85,0.82,834.7942232239753,0.81538431701983,834.7942232239753,0.81538431701983,1.03817955658652,1027.6754652782759,1019.9337560398063,13290.579335142556,1.3232985108946311,9519.02010203867,40000.0,49519.020102038674,-3.607144618000489,0.0,0.0432294181923058,0.0432294181923058,0.8,0.8432294181923058,0.8432294181923058,3.5893333333333337,0.03589333333333333,0.7650735276210143,0.26839342353213064,0.26839342353213064,True,1.03817955658652,0.53817955658652,0.0,-0.5,2.889673545358418,1.0,0.0,0.26839342353213064,0.01204385722296781,0.05126649670854694,PASS,NONE,INSUFFICIENT_NATURAL_CIRCULATION,1,True,False,True,RETROFIT_ASSIST,HYBRID_RETROFIT_ASSIST,False,True,stage_2_candidates
5.0,24.0,600.0,1.0,750.0,250.0,1,100.0,30.0,40.0,0.045,0.85,0.82,834.7942232239753,0.81538431701983,834.7942232239753,0.81538431701983,1.03817955658652,1027.6754652782759,1019.9337560398063,18986.54190734651,1.8904264441351875,15953.045975448795,40000.0,55953.0459754488,-3.680631111162574,0.0,0.04411010878855662,0.04411010878855662,0.8,0.8441101087885566,0.8441101087885566,3.5893333333333337,0.03589333333333333,0.7648281643419697,0.33932990735977925,0.33932990735977925,True,1.03817955658652,0.53817955658652,0.0,-0.5,2.889673545358418,1.0,0.0,0.33932990735977925,0.01228922050201243,0.052256344675059296,PASS,NONE,INSUFFICIENT_NATURAL_CIRCULATION,1,True,False,True,RETROFIT_ASSIST,HYBRID_RETROFIT_ASSIST,False,True,stage_2_candidates
5.0,24.0,600.0,1.0,750.0,175.0,1,100.0,30.0,40.0,0.045,0.85,0.82,834.7942232239753,0.81538431701983,834.7942232239753,0.81538431701983,1.03817955658652,1027.6754652782759,1019.9337560398063,13290.579335142556,1.3232985108946311,14880.708329880441,40000.0,54880.70832988044,-4.140989973336024,0.0,0.04962722769532826,0.04962722769532826,0.8,0.8496272276953283,0.8496272276953283,3.5893333333333337,0.03589333333333333,0.7632910769793848,0.24217215374216197,0.24217215374216197,True,1.03817955658652,0.53817955658652,0.0,-0.5,2.889673545358418,1.0,0.0,0.24217215374216197,0.013826307864597398,0.05841059005364682,PASS,NONE,INSUFFICIENT_NATURAL_CIRCULATION,1,True,False,True,RETROFIT_ASSIST,HYBRID_RETROFIT_ASSIST,False,True,stage_2_candidates
5.0,24.0,1000.0,1.0,1250.0,250.0,1,100.0,30.0,40.0,0.045,0.85,0.82,834.7942232239753,0.81538431701983,834.7942232239753,0.81538431701983,1.03817955658652,1027.6754652782759,1019.9337560398063,18986.54190734651,1.8904264441351875,23101.963612571155,40000.0,63101.963612571155,-4.392424918276619,0.0,0.05264052145925324,0.05264052145925324,0.8,0.8526405214592533,0.8526405214592533,3.5893333333333337,0.03589333333333333,0.7624515634864637,0.30088670495134984,0.30088670495134984,True,1.03817955658652,0.53817955658652,0.0,-0.5,2.889673545358418,1.0,0.0,0.30088670495134984,0.014665821357518549,0.06173823567423411,PASS,NONE,INSUFFICIENT_NATURAL_CIRCULATION,1,True,False,True,RETROFIT_ASSIST,HYBRID_RETROFIT_ASSIST,False,True,stage_2_candidates
5.0,24.0,1000.0,1.0,1250.0,175.0,1,100.0,30.0,40.0,0.045,0.85,0.82,834.7942232239753,0.81538431701983,834.7942232239753,0.81538431701983,1.03817955658652,1027.6754652782759,1019.9337560398063,13290.579335142556,1.3232985108946311,22029.6259670028,40000.0,62029.6259670028,-4.852783780450069,0.0,0.0581576403660249,0.0581576403660249,0.8,0.8581576403660249,0.8581576403660249,3.5893333333333337,0.03589333333333333,0.7609144761238786,0.21426180035669723,0.21426180035669723,True,1.03817955658652,0.53817955658652,0.0,-0.5,2.889673545358418,1.0,0.0,0.21426180035669723,0.016202908720103517,0.06777034618164007,PASS,NONE,INSUFFICIENT_NATURAL_CIRCULATION,1,True,False,True,RETROFIT_ASSIST,HYBRID_RETROFIT_ASSIST,False,True,stage_2_candidates
5.0,24.0,30.0,1.0,50.0,250.0,1,50.0,30.0,40.0,0.045,0.85,0.82,417.39711161198767,0.407692158509915,417.39711161198767,0.407692158509915,0.51908977829326,1027.6754652782759,1019.9337560398063,18986.54190734651,1.8904264441351875,1594.1207134936844,40000.0,41594.120713493685,-2.2509609712800898,0.0,0.013488194051943146,0.013488194051943146,0.4,0.41348819405194315,0.41348819405194315,1.6280000000000003,0.032560000000000006,0.7460146228182168,0.4564717700880986,0.4564717700880986,True,0.51908977829326,0.019089778293259974,0.0,-0.5,5.779347090716836,1.0,0.0,0.4564717700880986,0.008285131481537557,0.03262050584749884,PASS,NONE,INSUFFICIENT_NATURAL_CIRCULATION,1,True,False,True,RETROFIT_ASSIST,HYBRID_RETROFIT_ASSIST,False,True,stage_2_candidates
5.0,24.0,100.0,1.0,125.0,250.0,1,50.0,30.0,40.0,0.045,0.85,0.82,417.39711161198767,0.407692158509915,417.39711161198767,0.407692158509915,0.51908977829326,1027.6754652782759,1019.9337560398063,18986.54190734651,1.8904264441351875,1889.200223041851,40000.0,41889.20022304185,-2.2803410506381145,0.0,0.013664245177084228,0.013664245177084228,0.4,0.4136642451770842,0.4136642451770842,1.6280000000000003,0.032560000000000006,0.7459064833064593,0.4532562523574429,0.4532562523574429,True,0.51908977829326,0.019089778293259974,0.0,-0.5,5.779347090716836,1.0,0.0,0.4532562523574429,0.008393270993294979,0.03303221232290633,PASS,NONE,INSUFFICIENT_NATURAL_CIRCULATION,1,True,False,True,RETROFIT_ASSIST,HYBRID_RETROFIT_ASSIST,False,True,stage_2_candidates
5.0,24.0,300.0,1.0,375.0,250.0,1,50.0,30.0,40.0,0.045,0.85,0.82,417.39711161198767,0.407692158509915,417.39711161198767,0.407692158509915,0.51908977829326,1027.6754652782759,1019.9337560398063,18986.54190734651,1.8904264441351875,2872.798588202406,40000.0,42872.79858820241,-2.3782746484981954,0.0,0.014251082260887834,0.014251082260887834,0.4,0.41425108226088786,0.41425108226088786,1.6280000000000003,0.032560000000000006,0.745546018267268,0.4428575351405019,0.4428575351405019,True,0.51908977829326,0.019089778293259974,0.0,-0.5,5.779347090716836,1.0,0.0,0.4428575351405019,0.008753736032486383,0.034402039900798036,PASS,NONE,INSUFFICIENT_NATURAL_CIRCULATION,1,True,False,True,RETROFIT_ASSIST,HYBRID_RETROFIT_ASSIST,False,True,stage_2_candidates
5.0,24.0,600.0,1.0,750.0,250.0,1,50.0,30.0,40.0,0.045,0.85,0.82,417.39711161198767,0.407692158509915,417.39711161198767,0.407692158509915,0.51908977829326,1027.6754652782759,1019.9337560398063,18986.54190734651,1.8904264441351875,4348.196135943239,40000.0,44348.19613594324,-2.5251750452883175,0.0,0.015131337886593241,0.015131337886593241,0.4,0.41513133788659323,0.41513133788659323,1.6280000000000003,0.032560000000000006,0.7450053207084808,0.4281243333809091,0.4281243333809091,True,0.51908977829326,0.019089778293259974,0.0,-0.5,5.779347090716836,1.0,0.0,0.4281243333809091,0.009294433591273488,0.03644951971977327,PASS,NONE,INSUFFICIENT_NATURAL_CIRCULATION,1,True,False,True,RETROFIT_ASSIST,HYBRID_RETROFIT_ASSIST,False,True,stage_2_candidates
5.0,24.0,1000.0,1.0,1250.0,250.0,1,50.0,30.0,40.0,0.045,0.85,0.82,417.39711161198767,0.407692158509915,417.39711161198767,0.407692158509915,0.51908977829326,1027.6754652782759,1019.9337560398063,18986.54190734651,1.8904264441351875,6315.392866264348,40000.0,46315.392866264345,-2.721042241008479,0.0,0.016305012054200447,0.016305012054200447,0.4,0.41630501205420045,0.41630501205420045,1.6280000000000003,0.032560000000000006,0.744284390630098,0.40994021063731734,0.40994021063731734,True,0.51908977829326,0.019089778293259974,0.0,-0.5,5.779347090716836,1.0,0.0,0.40994021063731734,0.010015363669656293,0.03916602390575502,PASS,NONE,INSUFFICIENT_NATURAL_CIRCULATION,1,True,False,True,RETROFIT_ASSIST,HYBRID_RETROFIT_ASSIST,False,True,stage_2_candidates
5.0,24.0,30.0,1.0,50.0,175.0,1,50.0,30.0,40.0,0.045,0.85,0.82,417.39711161198767,0.407692158509915,417.39711161198767,0.407692158509915,0.51908977829326,1027.6754652782759,1019.9337560398063,13290.579335142556,1.3232985108946311,1299.041203945518,40000.0,41299.04120394552,-2.7887088251626224,0.0,0.016710483330490137,0.016710483330490137,0.4,0.4167104833304901,0.4167104833304901,1.6280000000000003,0.032560000000000006,0.7440353296495762,0.321813266063737,0.321813266063737,True,0.51908977829326,0.019089778293259974,0.0,-0.5,5.779347090716836,1.0,0.0,0.321813266063737,0.010264424650178215,0.04010094297828637,PASS,NONE,INSUFFICIENT_NATURAL_CIRCULATION,1,True,False,True,RETROFIT_ASSIST,HYBRID_RETROFIT_ASSIST,False,True,stage_2_candidates
5.0,24.0,100.0,1.0,125.0,175.0,1,50.0,30.0,40.0,0.045,0.85,0.82,417.39711161198767,0.407692158509915,417.39711161198767,0.407692158509915,0.51908977829326,1027.6754652782759,1019.9337560398063,13290.579335142556,1.3232985108946311,1594.1207134936844,40000.0,41594.120713493685,-2.8180889045206463,0.0,0.01688653445563122,0.01688653445563122,0.4,0.41688653445563123,0.41688653445563123,1.6280000000000003,0.032560000000000006,0.7439271901378187,0.319530239061669,0.319530239061669,True,0.51908977829326,0.019089778293259974,0.0,-0.5,5.779347090716836,1.0,0.0,0.319530239061669,0.010372564161935638,0.040506308215691324,PASS,NONE,INSUFFICIENT_NATURAL_CIRCULATION,1,True,False,True,RETROFIT_ASSIST,HYBRID_RETROFIT_ASSIST,False,True,stage_2_candidates
5.0,24.0,300.0,1.0,375.0,175.0,1,50.0,30.0,40.0,0.045,0.85,0.82,417.39711161198767,0.407692158509915,417.39711161198767,0.407692158509915,0.51908977829326,1027.6754652782759,1019.9337560398063,13290.579335142556,1.3232985108946311,2577.719078654239,40000.0,42577.71907865424,-2.916022502380728,0.0,0.017473371539434825,0.017473371539434825,0.4,0.4174733715394348,0.4174733715394348,1.6280000000000003,0.032560000000000006,0.7435667250986273,0.312148692385112,0.312148692385112,True,0.51908977829326,0.019089778293259974,0.0,-0.5,5.779347090716836,1.0,0.0,0.312148692385112,0.010733029201127042,0.04185505646743814,PASS,NONE,INSUFFICIENT_NATURAL_CIRCULATION,1,True,False,True,RETROFIT_ASSIST,HYBRID_RETROFIT_ASSIST,False,True,stage_2_candidates
5.0,24.0,600.0,1.0,750.0,175.0,1,50.0,30.0,40.0,0.045,0.85,0.82,417.39711161198767,0.407692158509915,417.39711161198767,0.407692158509915,0.51908977829326,1027.6754652782759,1019.9337560398063,13290.579335142556,1.3232985108946311,4053.1166263950718,40000.0,44053.11662639507,-3.0629228991708493,0.0,0.018353627165140236,0.018353627165140236,0.4,0.41835362716514024,0.41835362716514024,1.6280000000000003,0.032560000000000006,0.7430260275398402,0.30169441694346116,0.30169441694346116,True,0.51908977829326,0.019089778293259974,0.0,-0.5,5.779347090716836,1.0,0.0,0.30169441694346116,0.011273726759914147,0.04387108411013096,PASS,NONE,INSUFFICIENT_NATURAL_CIRCULATION,1,True,False,True,RETROFIT_ASSIST,HYBRID_RETROFIT_ASSIST,False,True,stage_2_candidates
5.0,24.0,1000.0,1.0,1250.0,175.0,1,50.0,30.0,40.0,0.045,0.85,0.82,417.39711161198767,0.407692158509915,417.39711161198767,0.407692158509915,0.51908977829326,1027.6754652782759,1019.9337560398063,13290.579335142556,1.3232985108946311,6020.313356716182,40000.0,46020.313356716186,-3.2587900948910127,0.0,0.019527301332747448,0.019527301332747448,0.4,0.41952730133274746,0.41952730133274746,1.6280000000000003,0.032560000000000006,0.7423050974614575,0.2887981060042681,0.2887981060042681,True,0.51908977829326,0.019089778293259974,0.0,-0.5,5.779347090716836,1.0,0.0,0.2887981060042681,0.011994656838296956,0.0465459608247507,PASS,NONE,INSUFFICIENT_NATURAL_CIRCULATION,1,True,False,True,RETROFIT_ASSIST,HYBRID_RETROFIT_ASSIST,False,True,stage_2_candidates
